Seconds;Meter
0;0
1;0
2;0
3;0
4;0
5;0
6;0
7;0
8;0
9;0
10;0
11;0
12;0
13;0
14;0
15;0
16;0
17;0
18;0
19;0
20;0
21;0
22;0
23;0
24;0
25;0
26;0
27;0
28;0
29;0
30;0
31;0
32;0
33;0
34;0
35;0
36;0
37;0
38;0
39;0
40;0
41;0
42;0
43;0
44;0
45;0
46;0
47;0
48;0
49;0
50;0
51;0
52;0
53;0
54;0
55;0
56;0
57;0
58;0
59;0
60;0
61;0
62;0
63;0
64;0
65;0
66;0
67;0
68;0
69;0
70;0
71;0
72;0
73;0
74;0
75;0
76;0
77;0
78;0
79;0
80;0
81;0
82;0
83;0
84;0
85;0
86;0
87;0
88;0
89;0
90;0
91;0
92;0
93;0
94;0
95;0
96;0
97;0
98;0
99;0
100;0
101;0
102;0
103;0
104;0
105;0
106;0
107;0
108;0
109;0
110;0
111;0
112;0
113;0
114;0
115;0
116;0
117;0
118;0
119;0
120;0
121;0
122;0
123;0
124;0
125;0
126;0
127;0
128;0
129;0
130;0
131;0
132;0
133;0
134;0
135;0
136;0
137;0
138;0
139;0
140;0
141;0
142;0
143;0
144;0
145;0
146;0
147;0
148;0
149;0
150;0
151;0
152;0
153;0
154;0
155;0
156;0
157;0
158;0
159;0
160;0
161;0
162;0
163;0
164;0
165;0
166;0
167;0
168;0
169;0
170;0
171;0
172;0
173;0
174;0
175;0
176;0
177;0
178;0
179;0
180;0
181;0
182;0
183;0
184;0
185;0
186;0
187;0
188;0
189;0
190;0
191;0
192;0
193;0
194;0
195;0
196;0
197;0
198;0
199;0
200;0
201;0
202;0
203;0
204;0
205;0
206;0
207;0
208;0
209;0
210;0
211;0
212;0
213;0
214;0
215;0
216;0
217;0
218;0
219;0
220;0
221;0
222;0
223;0
224;0
225;0
226;0
227;0
228;0
229;0
230;0
231;0
232;0
233;0
234;0
235;0
236;0
237;0
238;0
239;0
240;0
241;0
242;0
243;0
244;0
245;0
246;0
247;0
248;0
249;0
250;0
251;0
252;0
253;0
254;0
255;0
256;0
257;0
258;0
259;0
260;0
261;0
262;0
263;0
264;0
265;0
266;0
267;0
268;0
269;0
270;0
271;0
272;0
273;0
274;0
275;0
276;0
277;0
278;0
279;0
280;0
281;0
282;0
283;0
284;0
285;0
286;0
287;0
288;0
289;0
290;0
291;0
292;0
293;0
294;0
295;0
296;0
297;0
298;0
299;0
300;0
301;0
302;0
303;0
304;0
305;0
306;0
307;0
308;0
309;0
310;0
311;0
312;0
313;0
314;0
315;0
316;0
317;0
318;0
319;0
320;0
321;0
322;0
323;0
324;0
325;0
326;0
327;0
328;0
329;0
330;0
331;0
332;0
333;0
334;0
335;0
336;0
337;0
338;0
339;0
340;0
341;0
342;0
343;0
344;0
345;0
346;0
347;0
348;0
349;0
350;0
351;0
352;0
353;0
354;0
355;0
356;0
357;0
358;0
359;0
360;0
361;0
362;0
363;0
364;0
365;0
366;0
367;0
368;0
369;0
370;0
371;0
372;0
373;0
374;0
375;0
376;0
377;0
378;0
379;0
380;0
381;0
382;0
383;0
384;0
385;0
386;0
387;0
388;0
389;0
390;0
391;0
392;0
393;0
394;0
395;0
396;0
397;0
398;0
399;0
400;0
401;0
402;0
403;0
404;0
405;0
406;0
407;0
408;0
409;0
410;0
411;0
412;0
413;0
414;0
415;0
416;0
417;0
418;0
419;0
420;0
421;0
422;0
423;0
424;0
425;0
426;0
427;0
428;0
429;0
430;0
431;0
432;0
433;0
434;0
435;0
436;0
437;0
438;0
439;0
440;0
441;0
442;0
443;0
444;0
445;0
446;0
447;0
448;0
449;0
450;0
451;0
452;0
453;0
454;0
455;0
456;0
457;0
458;0
459;0
460;0
461;0
462;0
463;0
464;0
465;0
466;0
467;0
468;0
469;0
470;0
471;0
472;0
473;0
474;0
475;0
476;0
477;0
478;0
479;0
480;0
481;0
482;0
483;0
484;0
485;0
486;0
487;0
488;0
489;0
490;0
491;0
492;0
493;0
494;0
495;0
496;0
497;0
498;0
499;0
500;0
501;0
502;0
503;0
504;0
505;0
506;0
507;0
508;0
509;0
510;0
511;0
512;0
513;0
514;0
515;0
516;0
517;0
518;0
519;0
520;0
521;0
522;0
523;0
524;0
525;0
526;0
527;0
528;0
529;0
530;0
531;0
532;0
533;0
534;0
535;0
536;0
537;0
538;0
539;0
540;0
541;0
542;0
543;0
544;0
545;0
546;0
547;0
548;0
549;0
550;0
551;0
552;0
553;0
554;0
555;0
556;0
557;0
558;0
559;0
560;0
561;0
562;0
563;0
564;0
565;0
566;0
567;0
568;0
569;0
570;0
571;0
572;0
573;0
574;0
575;0
576;0
577;0
578;0
579;0
580;0
581;0
582;0
583;0
584;0
585;0
586;0
587;0
588;0
589;0
590;0
591;0
592;0
593;0
594;0
595;0
596;0
597;0
598;0
599;0
600;0
601;0
602;0
603;0
604;0
605;0
606;0
607;0
608;0
609;0
610;0
611;0
612;0
613;0
614;0
615;0
616;0
617;0
618;0
619;0
620;0
621;0
622;0
623;0
624;0
625;0
626;0
627;0
628;0
629;0
630;0
631;0
632;0
633;0
634;0
635;0
636;0
637;0
638;0
639;0
640;0
641;0
642;0
643;0
644;0
645;0
646;0
647;0
648;0
649;0
650;0
651;0
652;0
653;0
654;0
655;0
656;0
657;0
658;0
659;0
660;0
661;0
662;0
663;0
664;0
665;0
666;0
667;0
668;0
669;0
670;0
671;0
672;0
673;0
674;0
675;0
676;0
677;0
678;0
679;0
680;0
681;0
682;0
683;0
684;0
685;0
686;0
687;0
688;0
689;0
690;0
691;0
692;0
693;0
694;0
695;0
696;0
697;0
698;0
699;0
700;0
701;0
702;0
703;0
704;0
705;0
706;0
707;0
708;0
709;0
710;0
711;0
712;0
713;0
714;0
715;0
716;0
717;0
718;0
719;0
720;0
721;0
722;0
723;0
724;0
725;0
726;0
727;0
728;0
729;0
730;0
731;0
732;0
733;0
734;0
735;0
736;0
737;0
738;0
739;0
740;0
741;0
742;0
743;0
744;0
745;0
746;0
747;0
748;0
749;0
750;0
751;0
752;0
753;0
754;0
755;0
756;0
757;0
758;0
759;0
760;0
761;0
762;0
763;0
764;0
765;0
766;0
767;0
768;0
769;0
770;0
771;0
772;0
773;0
774;0
775;0
776;0
777;0
778;0
779;0
780;0
781;0
782;0
783;0
784;0
785;0
786;0
787;0
788;0
789;0
790;0
791;0
792;0
793;0
794;0
795;0
796;0
797;0
798;0
799;0
800;0
801;0
802;0
803;0
804;0
805;0
806;0
807;0
808;0
809;0
810;0
811;0
812;0
813;0
814;0
815;0
816;0
817;0
818;0
819;0
820;0
821;0
822;0
823;0
824;0
825;0
826;0
827;0
828;0
829;0
830;0
831;0
832;0
833;0
834;0
835;0
836;0
837;0
838;0
839;0
840;0
841;0
842;0
843;0
844;0
845;0
846;0
847;0
848;0
849;0
850;0
851;0
852;0
853;0
854;0
855;0
856;0
857;0
858;0
859;0
860;0
861;0
862;0
863;0
864;0
865;0
866;0
867;0
868;0
869;0
870;0
871;0
872;0
873;0
874;0
875;0
876;0
877;0
878;0
879;0
880;0
881;0
882;0
883;0
884;0
885;0
886;0
887;0
888;0
889;0
890;0
891;0
892;0
893;0
894;0
895;0
896;0
897;0
898;0
899;0
900;0
901;0
902;0
903;0
904;0
905;0
906;0
907;0
908;0
909;0
910;0
911;0
912;0
913;0
914;0
915;0
916;0
917;0
918;0
919;0
920;0
921;0
922;0
923;0
924;0
925;0
926;0
927;0
928;0
929;0
930;0
931;0
932;0
933;0
934;0
935;0
936;0
937;0
938;0
939;0
940;0
941;0
942;0
943;0
944;0
945;0
946;0
947;0
948;0
949;0
950;0
951;0
952;0
953;0
954;0
955;0
956;0
957;0
958;0
959;0
960;0
961;0
962;0
963;0
964;0
965;0
966;0
967;0
968;0
969;0
970;0
971;0
972;0
973;0
974;0
975;0
976;0
977;0
978;0
979;0
980;0
981;0
982;0
983;0
984;0
985;0
986;0
987;0
988;0
989;0
990;0
991;0
992;0
993;0
994;0
995;0
996;0
997;0
998;0
999;0
1000;0
1001;0
1002;0
1003;0
1004;0
1005;0
1006;0
1007;0
1008;0
1009;0
1010;0
1011;0
1012;0
1013;0
1014;0
1015;0
1016;0
1017;0
1018;0
1019;0
1020;0
1021;0
1022;0
1023;0
1024;0
1025;0
1026;0
1027;0
1028;0
1029;0
1030;0
1031;0
1032;0
1033;0
1034;0
1035;0
1036;0
1037;0
1038;0
1039;0
1040;0
1041;0
1042;0
1043;0
1044;0
1045;0
1046;0
1047;0
1048;0
1049;0
1050;0
1051;0
1052;0
1053;0
1054;0
1055;0
1056;0
1057;0
1058;0
1059;0
1060;0
1061;0
1062;0
1063;0
1064;0
1065;0
1066;0
1067;0
1068;0
1069;0
1070;0
1071;0
1072;0
1073;0
1074;0
1075;0
1076;0
1077;0
1078;0
1079;0
1080;0
1081;0
1082;0
1083;0
1084;0
1085;0
1086;0
1087;0
1088;0
1089;0
1090;0
1091;0
1092;0
1093;0
1094;0
1095;0
1096;0
1097;0
1098;0
1099;0
1100;0
1101;0
1102;0
1103;0
1104;0
1105;0
1106;0
1107;0
1108;0
1109;0
1110;0
1111;0
1112;0
1113;0
1114;0
1115;0
1116;0
1117;0
1118;0
1119;0
1120;0
1121;0
1122;0
1123;0
1124;0
1125;0
1126;0
1127;0
1128;0
1129;0
1130;0
1131;0
1132;0
1133;0
1134;0
1135;0
1136;0
1137;0
1138;0
1139;0
1140;0
1141;0
1142;0
1143;0
1144;0
1145;0
1146;0
1147;0
1148;0
1149;0
1150;0
1151;0
1152;0
1153;0
1154;0
1155;0
1156;0
1157;0
1158;0
1159;0
1160;0
1161;0
1162;0
1163;0
1164;0
1165;0
1166;0
1167;0
1168;0
1169;0
1170;0
1171;0
1172;0
1173;0
1174;0
1175;0
1176;0
1177;0
1178;0
1179;0
1180;0
1181;0
1182;0
1183;0
1184;0
1185;0
1186;0
1187;0
1188;0
1189;0
1190;0
1191;0
1192;0
1193;0
1194;0
1195;0
1196;0
1197;0
1198;0
1199;0
1200;0
1201;0
1202;0
1203;0
1204;0
1205;0
1206;0
1207;0
1208;0
1209;0
1210;0
1211;0
1212;0
1213;0
1214;0
1215;0
1216;0
1217;0
1218;0
1219;0
1220;0
1221;0
1222;0
1223;0
1224;0
1225;0
1226;0
1227;0
1228;0
1229;0
1230;0
1231;0
1232;0
1233;0
1234;0
1235;0
1236;0
1237;0
1238;0
1239;0
1240;0
1241;0
1242;0
1243;0
1244;0
1245;0
1246;0
1247;0
1248;0
1249;0
1250;0
1251;0
1252;0
1253;0
1254;0
1255;0
1256;0
1257;0
1258;0
1259;0
1260;0
1261;0
1262;0
1263;0
1264;0
1265;0
1266;0
1267;0
1268;0
1269;0
1270;0
1271;0
1272;0
1273;0
1274;0
1275;0
1276;0
1277;0
1278;0
1279;0
1280;0
1281;0
1282;0
1283;0
1284;0
1285;0
1286;0
1287;0
1288;0
1289;0
1290;0
1291;0
1292;0
1293;0
1294;0
1295;0
1296;0
1297;0
1298;0
1299;0
1300;0
1301;0
1302;0
1303;0
1304;0
1305;0
1306;0
1307;0
1308;0
1309;0
1310;0
1311;0
1312;0
1313;0
1314;0
1315;0
1316;0
1317;0
1318;0
1319;0
1320;0
1321;0
1322;0
1323;0
1324;0
1325;0
1326;0
1327;0
1328;0
1329;0
1330;0
1331;0
1332;0
1333;0
1334;0
1335;0
1336;0
1337;0
1338;0
1339;0
1340;0
1341;0
1342;0
1343;0
1344;0
1345;0
1346;0
1347;0
1348;0
1349;0
1350;0
1351;0
1352;0
1353;0
1354;0
1355;0
1356;0
1357;0
1358;0
1359;0
1360;0
1361;0
1362;0
1363;0
1364;0
1365;0
1366;0
1367;0
1368;0
1369;0
1370;0
1371;0
1372;0
1373;0
1374;0
1375;0
1376;0
1377;0
1378;0
1379;0
1380;0
1381;0
1382;0
1383;0
1384;0
1385;0
1386;0
1387;0
1388;0
1389;0
1390;0
1391;0
1392;0
1393;0
1394;0
1395;0
1396;0
1397;0
1398;0
1399;0
1400;0
1401;0
1402;0
1403;0
1404;0
1405;0
1406;0
1407;0
1408;0
1409;0
1410;0
1411;0
1412;0
1413;0
1414;0
1415;0
1416;0
1417;0
1418;0
1419;0
1420;0
1421;0
1422;0
1423;0
1424;0
1425;0
1426;0
1427;0
1428;0
1429;0
1430;0
1431;0
1432;0
1433;0
1434;0
1435;0
1436;0
1437;0
1438;0
1439;0
1440;0
1441;0
1442;0
1443;0
1444;0
1445;0
1446;0
1447;0
1448;0
1449;0
1450;0
1451;0
1452;0
1453;0
1454;0
1455;0
1456;0
1457;0
1458;0
1459;0
1460;0
1461;0
1462;0
1463;0
1464;0
1465;0
1466;0
1467;0
1468;0
1469;0
1470;0
1471;0
1472;0
1473;0
1474;0
1475;0
1476;0
1477;0
1478;0
1479;0
1480;0
1481;0
1482;0
1483;0
1484;0
1485;0
1486;0
1487;0
1488;0
1489;0
1490;0
1491;0
1492;0
1493;0
1494;0
1495;0
1496;0
1497;0
1498;0
1499;0
1500;0.02
1501;0.04
1502;0.06
1503;0.08
1504;0.1
1505;0.12000000000000001
1506;0.14
1507;0.16
1508;0.18
1509;0.19999999999999998
1510;0.21999999999999997
1511;0.23999999999999996
1512;0.25999999999999995
1513;0.27999999999999997
1514;0.3
1515;0.32
1516;0.34
1517;0.36000000000000004
1518;0.38000000000000006
1519;0.4000000000000001
1520;0.4200000000000001
1521;0.4400000000000001
1522;0.46000000000000013
1523;0.48000000000000015
1524;0.5000000000000001
1525;0.5200000000000001
1526;0.5400000000000001
1527;0.5600000000000002
1528;0.5800000000000002
1529;0.6000000000000002
1530;0.6200000000000002
1531;0.6400000000000002
1532;0.6600000000000003
1533;0.6800000000000003
1534;0.7000000000000003
1535;0.7200000000000003
1536;0.7400000000000003
1537;0.7600000000000003
1538;0.7800000000000004
1539;0.8000000000000004
1540;0.8200000000000004
1541;0.8400000000000004
1542;0.8600000000000004
1543;0.8800000000000004
1544;0.9000000000000005
1545;0.9200000000000005
1546;0.9400000000000005
1547;0.9600000000000005
1548;0.9800000000000005
1549;1.0000000000000004
1550;1.0200000000000005
1551;1.0400000000000005
1552;1.0600000000000005
1553;1.0800000000000005
1554;1.1000000000000005
1555;1.1200000000000006
1556;1.1400000000000006
1557;1.1600000000000006
1558;1.1800000000000006
1559;1.2000000000000006
1560;1.2200000000000006
1561;1.2400000000000007
1562;1.2600000000000007
1563;1.2800000000000007
1564;1.3000000000000007
1565;1.3200000000000007
1566;1.3400000000000007
1567;1.3600000000000008
1568;1.3800000000000008
1569;1.4000000000000008
1570;1.4200000000000008
1571;1.4400000000000008
1572;1.4600000000000009
1573;1.4800000000000009
1574;1.5000000000000009
1575;1.520000000000001
1576;1.540000000000001
1577;1.560000000000001
1578;1.580000000000001
1579;1.600000000000001
1580;1.620000000000001
1581;1.640000000000001
1582;1.660000000000001
1583;1.680000000000001
1584;1.700000000000001
1585;1.720000000000001
1586;1.740000000000001
1587;1.7600000000000011
1588;1.7800000000000011
1589;1.8000000000000012
1590;1.8200000000000012
1591;1.8400000000000012
1592;1.8600000000000012
1593;1.8800000000000012
1594;1.9000000000000012
1595;1.9200000000000013
1596;1.9400000000000013
1597;1.9600000000000013
1598;1.9800000000000013
1599;2.0000000000000013
1600;2.0200000000000014
1601;2.0400000000000014
1602;2.0600000000000014
1603;2.0800000000000014
1604;2.1000000000000014
1605;2.1200000000000014
1606;2.1400000000000015
1607;2.1600000000000015
1608;2.1800000000000015
1609;2.2000000000000015
1610;2.2200000000000015
1611;2.2400000000000015
1612;2.2600000000000016
1613;2.2800000000000016
1614;2.3000000000000016
1615;2.3200000000000016
1616;2.3400000000000016
1617;2.3600000000000017
1618;2.3800000000000017
1619;2.4000000000000017
1620;2.4200000000000017
1621;2.4400000000000017
1622;2.4600000000000017
1623;2.4800000000000018
1624;2.5000000000000018
1625;2.520000000000002
1626;2.540000000000002
1627;2.560000000000002
1628;2.580000000000002
1629;2.600000000000002
1630;2.620000000000002
1631;2.640000000000002
1632;2.660000000000002
1633;2.680000000000002
1634;2.700000000000002
1635;2.720000000000002
1636;2.740000000000002
1637;2.760000000000002
1638;2.780000000000002
1639;2.800000000000002
1640;2.820000000000002
1641;2.840000000000002
1642;2.860000000000002
1643;2.880000000000002
1644;2.900000000000002
1645;2.920000000000002
1646;2.940000000000002
1647;2.960000000000002
1648;2.980000000000002
1649;3.000000000000002
1650;3.0200000000000022
1651;3.0400000000000023
1652;3.0600000000000023
1653;3.0800000000000023
1654;3.1000000000000023
1655;3.1200000000000023
1656;3.1400000000000023
1657;3.1600000000000024
1658;3.1800000000000024
1659;3.2000000000000024
1660;3.2200000000000024
1661;3.2400000000000024
1662;3.2600000000000025
1663;3.2800000000000025
1664;3.3000000000000025
1665;3.3200000000000025
1666;3.3400000000000025
1667;3.3600000000000025
1668;3.3800000000000026
1669;3.4000000000000026
1670;3.4200000000000026
1671;3.4400000000000026
1672;3.4600000000000026
1673;3.4800000000000026
1674;3.5000000000000027
1675;3.5200000000000027
1676;3.5400000000000027
1677;3.5600000000000027
1678;3.5800000000000027
1679;3.6000000000000028
1680;3.6200000000000028
1681;3.640000000000003
1682;3.660000000000003
1683;3.680000000000003
1684;3.700000000000003
1685;3.720000000000003
1686;3.740000000000003
1687;3.760000000000003
1688;3.780000000000003
1689;3.800000000000003
1690;3.820000000000003
1691;3.840000000000003
1692;3.860000000000003
1693;3.880000000000003
1694;3.900000000000003
1695;3.920000000000003
1696;3.940000000000003
1697;3.960000000000003
1698;3.980000000000003
1699;4.000000000000003
1700;4.020000000000002
1701;4.040000000000002
1702;4.060000000000001
1703;4.080000000000001
1704;4.1000000000000005
1705;4.12
1706;4.14
1707;4.159999999999999
1708;4.179999999999999
1709;4.199999999999998
1710;4.219999999999998
1711;4.2399999999999975
1712;4.259999999999997
1713;4.279999999999997
1714;4.299999999999996
1715;4.319999999999996
1716;4.339999999999995
1717;4.359999999999995
1718;4.379999999999995
1719;4.399999999999994
1720;4.419999999999994
1721;4.439999999999993
1722;4.459999999999993
1723;4.479999999999992
1724;4.499999999999992
1725;4.519999999999992
1726;4.539999999999991
1727;4.559999999999991
1728;4.57999999999999
1729;4.59999999999999
1730;4.6199999999999894
1731;4.639999999999989
1732;4.659999999999989
1733;4.679999999999988
1734;4.699999999999988
1735;4.719999999999987
1736;4.739999999999987
1737;4.7599999999999865
1738;4.779999999999986
1739;4.799999999999986
1740;4.819999999999985
1741;4.839999999999985
1742;4.859999999999984
1743;4.879999999999984
1744;4.8999999999999835
1745;4.919999999999983
1746;4.939999999999983
1747;4.959999999999982
1748;4.979999999999982
1749;4.999999999999981
1750;5.019999999999981
1751;5.0399999999999805
1752;5.05999999999998
1753;5.07999999999998
1754;5.099999999999979
1755;5.119999999999979
1756;5.139999999999978
1757;5.159999999999978
1758;5.1799999999999775
1759;5.199999999999977
1760;5.219999999999977
1761;5.239999999999976
1762;5.259999999999976
1763;5.279999999999975
1764;5.299999999999975
1765;5.3199999999999745
1766;5.339999999999974
1767;5.359999999999974
1768;5.379999999999973
1769;5.399999999999973
1770;5.419999999999972
1771;5.439999999999972
1772;5.4599999999999715
1773;5.479999999999971
1774;5.499999999999971
1775;5.51999999999997
1776;5.53999999999997
1777;5.559999999999969
1778;5.579999999999969
1779;5.599999999999969
1780;5.619999999999968
1781;5.639999999999968
1782;5.659999999999967
1783;5.679999999999967
1784;5.699999999999966
1785;5.719999999999966
1786;5.739999999999966
1787;5.759999999999965
1788;5.779999999999965
1789;5.799999999999964
1790;5.819999999999964
1791;5.839999999999963
1792;5.859999999999963
1793;5.879999999999963
1794;5.899999999999962
1795;5.919999999999962
1796;5.939999999999961
1797;5.959999999999961
1798;5.9799999999999605
1799;5.99999999999996
1800;6.01999999999996
1801;6.039999999999959
1802;6.059999999999959
1803;6.079999999999958
1804;6.099999999999958
1805;6.1199999999999575
1806;6.139999999999957
1807;6.159999999999957
1808;6.179999999999956
1809;6.199999999999956
1810;6.219999999999955
1811;6.239999999999955
1812;6.2599999999999545
1813;6.279999999999954
1814;6.299999999999954
1815;6.319999999999953
1816;6.339999999999953
1817;6.359999999999952
1818;6.379999999999952
1819;6.3999999999999515
1820;6.419999999999951
1821;6.439999999999951
1822;6.45999999999995
1823;6.47999999999995
1824;6.499999999999949
1825;6.519999999999949
1826;6.5399999999999485
1827;6.559999999999948
1828;6.579999999999948
1829;6.599999999999947
1830;6.619999999999947
1831;6.639999999999946
1832;6.659999999999946
1833;6.6799999999999455
1834;6.699999999999945
1835;6.719999999999945
1836;6.739999999999944
1837;6.759999999999944
1838;6.779999999999943
1839;6.799999999999943
1840;6.8199999999999426
1841;6.839999999999942
1842;6.859999999999942
1843;6.879999999999941
1844;6.899999999999941
1845;6.91999999999994
1846;6.93999999999994
1847;6.95999999999994
1848;6.979999999999939
1849;6.999999999999939
1850;7.019999999999938
1851;7.039999999999938
1852;7.059999999999937
1853;7.079999999999937
1854;7.099999999999937
1855;7.119999999999936
1856;7.139999999999936
1857;7.159999999999935
1858;7.179999999999935
1859;7.1999999999999345
1860;7.219999999999934
1861;7.239999999999934
1862;7.259999999999933
1863;7.279999999999933
1864;7.299999999999932
1865;7.319999999999932
1866;7.3399999999999315
1867;7.359999999999931
1868;7.379999999999931
1869;7.39999999999993
1870;7.41999999999993
1871;7.439999999999929
1872;7.459999999999929
1873;7.4799999999999285
1874;7.499999999999928
1875;7.519999999999928
1876;7.539999999999927
1877;7.559999999999927
1878;7.579999999999926
1879;7.599999999999926
1880;7.6199999999999255
1881;7.639999999999925
1882;7.659999999999925
1883;7.679999999999924
1884;7.699999999999924
1885;7.719999999999923
1886;7.739999999999923
1887;7.7599999999999225
1888;7.779999999999922
1889;7.799999999999922
1890;7.819999999999921
1891;7.839999999999921
1892;7.85999999999992
1893;7.87999999999992
1894;7.8999999999999195
1895;7.919999999999919
1896;7.939999999999919
1897;7.959999999999918
1898;7.979999999999918
1899;7.999999999999917
1900;8.019999999999918
1901;8.039999999999917
1902;8.059999999999917
1903;8.079999999999917
1904;8.099999999999916
1905;8.119999999999916
1906;8.139999999999915
1907;8.159999999999915
1908;8.179999999999914
1909;8.199999999999914
1910;8.219999999999914
1911;8.239999999999913
1912;8.259999999999913
1913;8.279999999999912
1914;8.299999999999912
1915;8.319999999999911
1916;8.339999999999911
1917;8.35999999999991
1918;8.37999999999991
1919;8.39999999999991
1920;8.41999999999991
1921;8.439999999999909
1922;8.459999999999908
1923;8.479999999999908
1924;8.499999999999908
1925;8.519999999999907
1926;8.539999999999907
1927;8.559999999999906
1928;8.579999999999906
1929;8.599999999999905
1930;8.619999999999905
1931;8.639999999999905
1932;8.659999999999904
1933;8.679999999999904
1934;8.699999999999903
1935;8.719999999999903
1936;8.739999999999903
1937;8.759999999999902
1938;8.779999999999902
1939;8.799999999999901
1940;8.8199999999999
1941;8.8399999999999
1942;8.8599999999999
1943;8.8799999999999
1944;8.899999999999899
1945;8.919999999999899
1946;8.939999999999898
1947;8.959999999999898
1948;8.979999999999897
1949;8.999999999999897
1950;9.019999999999897
1951;9.039999999999896
1952;9.059999999999896
1953;9.079999999999895
1954;9.099999999999895
1955;9.119999999999894
1956;9.139999999999894
1957;9.159999999999894
1958;9.179999999999893
1959;9.199999999999893
1960;9.219999999999892
1961;9.239999999999892
1962;9.259999999999891
1963;9.279999999999891
1964;9.29999999999989
1965;9.31999999999989
1966;9.33999999999989
1967;9.35999999999989
1968;9.379999999999889
1969;9.399999999999888
1970;9.419999999999888
1971;9.439999999999888
1972;9.459999999999887
1973;9.479999999999887
1974;9.499999999999886
1975;9.519999999999886
1976;9.539999999999885
1977;9.559999999999885
1978;9.579999999999885
1979;9.599999999999884
1980;9.619999999999884
1981;9.639999999999883
1982;9.659999999999883
1983;9.679999999999882
1984;9.699999999999882
1985;9.719999999999882
1986;9.739999999999881
1987;9.75999999999988
1988;9.77999999999988
1989;9.79999999999988
1990;9.81999999999988
1991;9.839999999999879
1992;9.859999999999879
1993;9.879999999999878
1994;9.899999999999878
1995;9.919999999999877
1996;9.939999999999877
1997;9.959999999999877
1998;9.979999999999876
1999;9.999999999999876
2000;10.019999999999875
2001;10.039999999999875
2002;10.059999999999874
2003;10.079999999999874
2004;10.099999999999874
2005;10.119999999999873
2006;10.139999999999873
2007;10.159999999999872
2008;10.179999999999872
2009;10.199999999999871
2010;10.219999999999871
2011;10.23999999999987
2012;10.25999999999987
2013;10.27999999999987
2014;10.29999999999987
2015;10.319999999999869
2016;10.339999999999868
2017;10.359999999999868
2018;10.379999999999868
2019;10.399999999999867
2020;10.419999999999867
2021;10.439999999999866
2022;10.459999999999866
2023;10.479999999999865
2024;10.499999999999865
2025;10.519999999999865
2026;10.539999999999864
2027;10.559999999999864
2028;10.579999999999863
2029;10.599999999999863
2030;10.619999999999862
2031;10.639999999999862
2032;10.659999999999862
2033;10.679999999999861
2034;10.69999999999986
2035;10.71999999999986
2036;10.73999999999986
2037;10.75999999999986
2038;10.779999999999859
2039;10.799999999999859
2040;10.819999999999858
2041;10.839999999999858
2042;10.859999999999857
2043;10.879999999999857
2044;10.899999999999856
2045;10.919999999999856
2046;10.939999999999856
2047;10.959999999999855
2048;10.979999999999855
2049;10.999999999999854
2050;11.019999999999854
2051;11.039999999999853
2052;11.059999999999853
2053;11.079999999999853
2054;11.099999999999852
2055;11.119999999999852
2056;11.139999999999851
2057;11.159999999999851
2058;11.17999999999985
2059;11.19999999999985
2060;11.21999999999985
2061;11.23999999999985
2062;11.259999999999849
2063;11.279999999999848
2064;11.299999999999848
2065;11.319999999999848
2066;11.339999999999847
2067;11.359999999999847
2068;11.379999999999846
2069;11.399999999999846
2070;11.419999999999845
2071;11.439999999999845
2072;11.459999999999845
2073;11.479999999999844
2074;11.499999999999844
2075;11.519999999999843
2076;11.539999999999843
2077;11.559999999999842
2078;11.579999999999842
2079;11.599999999999842
2080;11.619999999999841
2081;11.63999999999984
2082;11.65999999999984
2083;11.67999999999984
2084;11.69999999999984
2085;11.719999999999839
2086;11.739999999999839
2087;11.759999999999838
2088;11.779999999999838
2089;11.799999999999837
2090;11.819999999999837
2091;11.839999999999836
2092;11.859999999999836
2093;11.879999999999836
2094;11.899999999999835
2095;11.919999999999835
2096;11.939999999999834
2097;11.959999999999834
2098;11.979999999999833
2099;11.999999999999833
2100;12.019999999999833
2101;12.039999999999832
2102;12.059999999999832
2103;12.079999999999831
2104;12.099999999999831
2105;12.11999999999983
2106;12.13999999999983
2107;12.15999999999983
2108;12.17999999999983
2109;12.199999999999829
2110;12.219999999999828
2111;12.239999999999828
2112;12.259999999999827
2113;12.279999999999827
2114;12.299999999999827
2115;12.319999999999826
2116;12.339999999999826
2117;12.359999999999825
2118;12.379999999999825
2119;12.399999999999824
2120;12.419999999999824
2121;12.439999999999824
2122;12.459999999999823
2123;12.479999999999823
2124;12.499999999999822
2125;12.519999999999822
2126;12.539999999999822
2127;12.559999999999821
2128;12.57999999999982
2129;12.59999999999982
2130;12.61999999999982
2131;12.63999999999982
2132;12.659999999999819
2133;12.679999999999819
2134;12.699999999999818
2135;12.719999999999818
2136;12.739999999999817
2137;12.759999999999817
2138;12.779999999999816
2139;12.799999999999816
2140;12.819999999999816
2141;12.839999999999815
2142;12.859999999999815
2143;12.879999999999814
2144;12.899999999999814
2145;12.919999999999813
2146;12.939999999999813
2147;12.959999999999813
2148;12.979999999999812
2149;12.999999999999812
2150;13.019999999999811
2151;13.03999999999981
2152;13.05999999999981
2153;13.07999999999981
2154;13.09999999999981
2155;13.11999999999981
2156;13.139999999999809
2157;13.159999999999808
2158;13.179999999999808
2159;13.199999999999807
2160;13.219999999999807
2161;13.239999999999807
2162;13.259999999999806
2163;13.279999999999806
2164;13.299999999999805
2165;13.319999999999805
2166;13.339999999999804
2167;13.359999999999804
2168;13.379999999999804
2169;13.399999999999803
2170;13.419999999999803
2171;13.439999999999802
2172;13.459999999999802
2173;13.479999999999801
2174;13.499999999999801
2175;13.5199999999998
2176;13.5399999999998
2177;13.5599999999998
2178;13.5799999999998
2179;13.599999999999799
2180;13.619999999999798
2181;13.639999999999798
2182;13.659999999999798
2183;13.679999999999797
2184;13.699999999999797
2185;13.719999999999796
2186;13.739999999999796
2187;13.759999999999796
2188;13.779999999999795
2189;13.799999999999795
2190;13.819999999999794
2191;13.839999999999794
2192;13.859999999999793
2193;13.879999999999793
2194;13.899999999999793
2195;13.919999999999792
2196;13.939999999999792
2197;13.959999999999791
2198;13.97999999999979
2199;13.99999999999979
2200;14.01999999999979
2201;14.03999999999979
2202;14.059999999999789
2203;14.079999999999789
2204;14.099999999999788
2205;14.119999999999788
2206;14.139999999999787
2207;14.159999999999787
2208;14.179999999999787
2209;14.199999999999786
2210;14.219999999999786
2211;14.239999999999785
2212;14.259999999999785
2213;14.279999999999784
2214;14.299999999999784
2215;14.319999999999784
2216;14.339999999999783
2217;14.359999999999783
2218;14.379999999999782
2219;14.399999999999782
2220;14.419999999999781
2221;14.439999999999781
2222;14.45999999999978
2223;14.47999999999978
2224;14.49999999999978
2225;14.51999999999978
2226;14.539999999999779
2227;14.559999999999778
2228;14.579999999999778
2229;14.599999999999778
2230;14.619999999999777
2231;14.639999999999777
2232;14.659999999999776
2233;14.679999999999776
2234;14.699999999999775
2235;14.719999999999775
2236;14.739999999999775
2237;14.759999999999774
2238;14.779999999999774
2239;14.799999999999773
2240;14.819999999999773
2241;14.839999999999772
2242;14.859999999999772
2243;14.879999999999772
2244;14.899999999999771
2245;14.91999999999977
2246;14.93999999999977
2247;14.95999999999977
2248;14.97999999999977
2249;14.999999999999769
2250;15.019999999999769
2251;15.039999999999768
2252;15.059999999999768
2253;15.079999999999767
2254;15.099999999999767
2255;15.119999999999767
2256;15.139999999999766
2257;15.159999999999766
2258;15.179999999999765
2259;15.199999999999765
2260;15.219999999999764
2261;15.239999999999764
2262;15.259999999999764
2263;15.279999999999763
2264;15.299999999999763
2265;15.319999999999762
2266;15.339999999999762
2267;15.359999999999761
2268;15.379999999999761
2269;15.39999999999976
2270;15.41999999999976
2271;15.43999999999976
2272;15.45999999999976
2273;15.479999999999759
2274;15.499999999999758
2275;15.519999999999758
2276;15.539999999999758
2277;15.559999999999757
2278;15.579999999999757
2279;15.599999999999756
2280;15.619999999999756
2281;15.639999999999755
2282;15.659999999999755
2283;15.679999999999755
2284;15.699999999999754
2285;15.719999999999754
2286;15.739999999999753
2287;15.759999999999753
2288;15.779999999999752
2289;15.799999999999752
2290;15.819999999999752
2291;15.839999999999751
2292;15.85999999999975
2293;15.87999999999975
2294;15.89999999999975
2295;15.91999999999975
2296;15.939999999999749
2297;15.959999999999749
2298;15.979999999999748
2299;15.999999999999748
2300;16.019999999999747
2301;16.039999999999747
2302;16.059999999999746
2303;16.079999999999746
2304;16.099999999999746
2305;16.119999999999745
2306;16.139999999999745
2307;16.159999999999744
2308;16.179999999999744
2309;16.199999999999743
2310;16.219999999999743
2311;16.239999999999743
2312;16.259999999999742
2313;16.279999999999742
2314;16.29999999999974
2315;16.31999999999974
2316;16.33999999999974
2317;16.35999999999974
2318;16.37999999999974
2319;16.39999999999974
2320;16.41999999999974
2321;16.43999999999974
2322;16.459999999999738
2323;16.479999999999738
2324;16.499999999999737
2325;16.519999999999737
2326;16.539999999999736
2327;16.559999999999736
2328;16.579999999999735
2329;16.599999999999735
2330;16.619999999999735
2331;16.639999999999734
2332;16.659999999999734
2333;16.679999999999733
2334;16.699999999999733
2335;16.719999999999732
2336;16.739999999999732
2337;16.75999999999973
2338;16.77999999999973
2339;16.79999999999973
2340;16.81999999999973
2341;16.83999999999973
2342;16.85999999999973
2343;16.87999999999973
2344;16.89999999999973
2345;16.919999999999728
2346;16.939999999999728
2347;16.959999999999727
2348;16.979999999999727
2349;16.999999999999726
2350;17.019999999999726
2351;17.039999999999726
2352;17.059999999999725
2353;17.079999999999725
2354;17.099999999999724
2355;17.119999999999724
2356;17.139999999999723
2357;17.159999999999723
2358;17.179999999999723
2359;17.199999999999722
2360;17.21999999999972
2361;17.23999999999972
2362;17.25999999999972
2363;17.27999999999972
2364;17.29999999999972
2365;17.31999999999972
2366;17.33999999999972
2367;17.35999999999972
2368;17.37999999999972
2369;17.399999999999718
2370;17.419999999999717
2371;17.439999999999717
2372;17.459999999999717
2373;17.479999999999716
2374;17.499999999999716
2375;17.519999999999715
2376;17.539999999999715
2377;17.559999999999715
2378;17.579999999999714
2379;17.599999999999714
2380;17.619999999999713
2381;17.639999999999713
2382;17.659999999999712
2383;17.679999999999712
2384;17.69999999999971
2385;17.71999999999971
2386;17.73999999999971
2387;17.75999999999971
2388;17.77999999999971
2389;17.79999999999971
2390;17.81999999999971
2391;17.83999999999971
2392;17.859999999999708
2393;17.879999999999708
2394;17.899999999999707
2395;17.919999999999707
2396;17.939999999999706
2397;17.959999999999706
2398;17.979999999999706
2399;17.999999999999705
2400;18.019999999999705
2401;18.039999999999704
2402;18.059999999999704
2403;18.079999999999703
2404;18.099999999999703
2405;18.119999999999703
2406;18.139999999999702
2407;18.1599999999997
2408;18.1799999999997
2409;18.1999999999997
2410;18.2199999999997
2411;18.2399999999997
2412;18.2599999999997
2413;18.2799999999997
2414;18.2999999999997
2415;18.3199999999997
2416;18.339999999999698
2417;18.359999999999697
2418;18.379999999999697
2419;18.399999999999697
2420;18.419999999999696
2421;18.439999999999696
2422;18.459999999999695
2423;18.479999999999695
2424;18.499999999999694
2425;18.519999999999694
2426;18.539999999999694
2427;18.559999999999693
2428;18.579999999999693
2429;18.599999999999692
2430;18.619999999999692
2431;18.63999999999969
2432;18.65999999999969
2433;18.67999999999969
2434;18.69999999999969
2435;18.71999999999969
2436;18.73999999999969
2437;18.75999999999969
2438;18.77999999999969
2439;18.799999999999688
2440;18.819999999999688
2441;18.839999999999687
2442;18.859999999999687
2443;18.879999999999686
2444;18.899999999999686
2445;18.919999999999686
2446;18.939999999999685
2447;18.959999999999685
2448;18.979999999999684
2449;18.999999999999684
2450;19.019999999999683
2451;19.039999999999683
2452;19.059999999999683
2453;19.079999999999682
2454;19.09999999999968
2455;19.11999999999968
2456;19.13999999999968
2457;19.15999999999968
2458;19.17999999999968
2459;19.19999999999968
2460;19.21999999999968
2461;19.23999999999968
2462;19.25999999999968
2463;19.279999999999678
2464;19.299999999999677
2465;19.319999999999677
2466;19.339999999999677
2467;19.359999999999676
2468;19.379999999999676
2469;19.399999999999675
2470;19.419999999999675
2471;19.439999999999674
2472;19.459999999999674
2473;19.479999999999674
2474;19.499999999999673
2475;19.519999999999673
2476;19.539999999999672
2477;19.559999999999672
2478;19.57999999999967
2479;19.59999999999967
2480;19.61999999999967
2481;19.63999999999967
2482;19.65999999999967
2483;19.67999999999967
2484;19.69999999999967
2485;19.71999999999967
2486;19.739999999999668
2487;19.759999999999668
2488;19.779999999999667
2489;19.799999999999667
2490;19.819999999999666
2491;19.839999999999666
2492;19.859999999999665
2493;19.879999999999665
2494;19.899999999999665
2495;19.919999999999664
2496;19.939999999999664
2497;19.959999999999663
2498;19.979999999999663
2499;19.999999999999662
2500;20.019999999999662
2501;20.03999999999966
2502;20.05999999999966
2503;20.07999999999966
2504;20.09999999999966
2505;20.11999999999966
2506;20.13999999999966
2507;20.15999999999966
2508;20.17999999999966
2509;20.19999999999966
2510;20.219999999999658
2511;20.239999999999657
2512;20.259999999999657
2513;20.279999999999657
2514;20.299999999999656
2515;20.319999999999656
2516;20.339999999999655
2517;20.359999999999655
2518;20.379999999999654
2519;20.399999999999654
2520;20.419999999999654
2521;20.439999999999653
2522;20.459999999999653
2523;20.479999999999652
2524;20.499999999999652
2525;20.51999999999965
2526;20.53999999999965
2527;20.55999999999965
2528;20.57999999999965
2529;20.59999999999965
2530;20.61999999999965
2531;20.63999999999965
2532;20.65999999999965
2533;20.679999999999648
2534;20.699999999999648
2535;20.719999999999647
2536;20.739999999999647
2537;20.759999999999646
2538;20.779999999999646
2539;20.799999999999645
2540;20.819999999999645
2541;20.839999999999645
2542;20.859999999999644
2543;20.879999999999644
2544;20.899999999999643
2545;20.919999999999643
2546;20.939999999999642
2547;20.959999999999642
2548;20.97999999999964
2549;20.99999999999964
2550;21.01999999999964
2551;21.03999999999964
2552;21.05999999999964
2553;21.07999999999964
2554;21.09999999999964
2555;21.11999999999964
2556;21.139999999999638
2557;21.159999999999638
2558;21.179999999999637
2559;21.199999999999637
2560;21.219999999999636
2561;21.239999999999636
2562;21.259999999999636
2563;21.279999999999635
2564;21.299999999999635
2565;21.319999999999634
2566;21.339999999999634
2567;21.359999999999634
2568;21.379999999999633
2569;21.399999999999633
2570;21.419999999999632
2571;21.439999999999632
2572;21.45999999999963
2573;21.47999999999963
2574;21.49999999999963
2575;21.51999999999963
2576;21.53999999999963
2577;21.55999999999963
2578;21.57999999999963
2579;21.59999999999963
2580;21.619999999999628
2581;21.639999999999628
2582;21.659999999999627
2583;21.679999999999627
2584;21.699999999999626
2585;21.719999999999626
2586;21.739999999999625
2587;21.759999999999625
2588;21.779999999999625
2589;21.799999999999624
2590;21.819999999999624
2591;21.839999999999623
2592;21.859999999999623
2593;21.879999999999622
2594;21.899999999999622
2595;21.91999999999962
2596;21.93999999999962
2597;21.95999999999962
2598;21.97999999999962
2599;21.99999999999962
2600;22.01999999999962
2601;22.03999999999962
2602;22.05999999999962
2603;22.079999999999618
2604;22.099999999999618
2605;22.119999999999617
2606;22.139999999999617
2607;22.159999999999616
2608;22.179999999999616
2609;22.199999999999616
2610;22.219999999999615
2611;22.239999999999615
2612;22.259999999999614
2613;22.279999999999614
2614;22.299999999999613
2615;22.319999999999613
2616;22.339999999999613
2617;22.359999999999612
2618;22.37999999999961
2619;22.39999999999961
2620;22.41999999999961
2621;22.43999999999961
2622;22.45999999999961
2623;22.47999999999961
2624;22.49999999999961
2625;22.51999999999961
2626;22.53999999999961
2627;22.559999999999608
2628;22.579999999999607
2629;22.599999999999607
2630;22.619999999999607
2631;22.639999999999606
2632;22.659999999999606
2633;22.679999999999605
2634;22.699999999999605
2635;22.719999999999605
2636;22.739999999999604
2637;22.759999999999604
2638;22.779999999999603
2639;22.799999999999603
2640;22.819999999999602
2641;22.839999999999602
2642;22.8599999999996
2643;22.8799999999996
2644;22.8999999999996
2645;22.9199999999996
2646;22.9399999999996
2647;22.9599999999996
2648;22.9799999999996
2649;22.9999999999996
2650;23.019999999999598
2651;23.039999999999598
2652;23.059999999999597
2653;23.079999999999597
2654;23.099999999999596
2655;23.119999999999596
2656;23.139999999999596
2657;23.159999999999595
2658;23.179999999999595
2659;23.199999999999594
2660;23.219999999999594
2661;23.239999999999593
2662;23.259999999999593
2663;23.279999999999593
2664;23.299999999999592
2665;23.31999999999959
2666;23.33999999999959
2667;23.35999999999959
2668;23.37999999999959
2669;23.39999999999959
2670;23.41999999999959
2671;23.43999999999959
2672;23.45999999999959
2673;23.47999999999959
2674;23.499999999999588
2675;23.519999999999587
2676;23.539999999999587
2677;23.559999999999587
2678;23.579999999999586
2679;23.599999999999586
2680;23.619999999999585
2681;23.639999999999585
2682;23.659999999999584
2683;23.679999999999584
2684;23.699999999999584
2685;23.719999999999583
2686;23.739999999999583
2687;23.759999999999582
2688;23.779999999999582
2689;23.79999999999958
2690;23.81999999999958
2691;23.83999999999958
2692;23.85999999999958
2693;23.87999999999958
2694;23.89999999999958
2695;23.91999999999958
2696;23.93999999999958
2697;23.959999999999578
2698;23.979999999999578
2699;23.999999999999577
2700;24.019999999999577
2701;24.039999999999576
2702;24.059999999999576
2703;24.079999999999576
2704;24.099999999999575
2705;24.119999999999575
2706;24.139999999999574
2707;24.159999999999574
2708;24.179999999999573
2709;24.199999999999573
2710;24.219999999999573
2711;24.239999999999572
2712;24.25999999999957
2713;24.27999999999957
2714;24.29999999999957
2715;24.31999999999957
2716;24.33999999999957
2717;24.35999999999957
2718;24.37999999999957
2719;24.39999999999957
2720;24.41999999999957
2721;24.439999999999568
2722;24.459999999999567
2723;24.479999999999567
2724;24.499999999999567
2725;24.519999999999566
2726;24.539999999999566
2727;24.559999999999565
2728;24.579999999999565
2729;24.599999999999564
2730;24.619999999999564
2731;24.639999999999564
2732;24.659999999999563
2733;24.679999999999563
2734;24.699999999999562
2735;24.719999999999562
2736;24.73999999999956
2737;24.75999999999956
2738;24.77999999999956
2739;24.79999999999956
2740;24.81999999999956
2741;24.83999999999956
2742;24.85999999999956
2743;24.87999999999956
2744;24.899999999999558
2745;24.919999999999558
2746;24.939999999999557
2747;24.959999999999557
2748;24.979999999999556
2749;24.999999999999556
2750;25.019999999999555
2751;25.039999999999555
2752;25.059999999999555
2753;25.079999999999554
2754;25.099999999999554
2755;25.119999999999553
2756;25.139999999999553
2757;25.159999999999553
2758;25.179999999999552
2759;25.19999999999955
2760;25.21999999999955
2761;25.23999999999955
2762;25.25999999999955
2763;25.27999999999955
2764;25.29999999999955
2765;25.31999999999955
2766;25.33999999999955
2767;25.35999999999955
2768;25.379999999999548
2769;25.399999999999547
2770;25.419999999999547
2771;25.439999999999547
2772;25.459999999999546
2773;25.479999999999546
2774;25.499999999999545
2775;25.519999999999545
2776;25.539999999999544
2777;25.559999999999544
2778;25.579999999999544
2779;25.599999999999543
2780;25.619999999999543
2781;25.639999999999542
2782;25.659999999999542
2783;25.67999999999954
2784;25.69999999999954
2785;25.71999999999954
2786;25.73999999999954
2787;25.75999999999954
2788;25.77999999999954
2789;25.79999999999954
2790;25.81999999999954
2791;25.839999999999538
2792;25.859999999999538
2793;25.879999999999537
2794;25.899999999999537
2795;25.919999999999536
2796;25.939999999999536
2797;25.959999999999535
2798;25.979999999999535
2799;25.999999999999535
2800;26.019999999999534
2801;26.039999999999534
2802;26.059999999999533
2803;26.079999999999533
2804;26.099999999999532
2805;26.119999999999532
2806;26.13999999999953
2807;26.15999999999953
2808;26.17999999999953
2809;26.19999999999953
2810;26.21999999999953
2811;26.23999999999953
2812;26.25999999999953
2813;26.27999999999953
2814;26.299999999999528
2815;26.319999999999528
2816;26.339999999999527
2817;26.359999999999527
2818;26.379999999999526
2819;26.399999999999526
2820;26.419999999999526
2821;26.439999999999525
2822;26.459999999999525
2823;26.479999999999524
2824;26.499999999999524
2825;26.519999999999524
2826;26.539999999999523
2827;26.559999999999523
2828;26.579999999999522
2829;26.599999999999522
2830;26.61999999999952
2831;26.63999999999952
2832;26.65999999999952
2833;26.67999999999952
2834;26.69999999999952
2835;26.71999999999952
2836;26.73999999999952
2837;26.75999999999952
2838;26.779999999999518
2839;26.799999999999518
2840;26.819999999999517
2841;26.839999999999517
2842;26.859999999999516
2843;26.879999999999516
2844;26.899999999999515
2845;26.919999999999515
2846;26.939999999999515
2847;26.959999999999514
2848;26.979999999999514
2849;26.999999999999513
2850;27.019999999999513
2851;27.039999999999512
2852;27.059999999999512
2853;27.07999999999951
2854;27.09999999999951
2855;27.11999999999951
2856;27.13999999999951
2857;27.15999999999951
2858;27.17999999999951
2859;27.19999999999951
2860;27.21999999999951
2861;27.239999999999508
2862;27.259999999999508
2863;27.279999999999507
2864;27.299999999999507
2865;27.319999999999506
2866;27.339999999999506
2867;27.359999999999506
2868;27.379999999999505
2869;27.399999999999505
2870;27.419999999999504
2871;27.439999999999504
2872;27.459999999999503
2873;27.479999999999503
2874;27.499999999999503
2875;27.519999999999502
2876;27.5399999999995
2877;27.5599999999995
2878;27.5799999999995
2879;27.5999999999995
2880;27.6199999999995
2881;27.6399999999995
2882;27.6599999999995
2883;27.6799999999995
2884;27.6999999999995
2885;27.719999999999498
2886;27.739999999999498
2887;27.759999999999497
2888;27.779999999999497
2889;27.799999999999496
2890;27.819999999999496
2891;27.839999999999495
2892;27.859999999999495
2893;27.879999999999495
2894;27.899999999999494
2895;27.919999999999494
2896;27.939999999999493
2897;27.959999999999493
2898;27.979999999999492
2899;27.999999999999492
2900;28.01999999999949
2901;28.03999999999949
2902;28.05999999999949
2903;28.07999999999949
2904;28.09999999999949
2905;28.11999999999949
2906;28.13999999999949
2907;28.15999999999949
2908;28.179999999999488
2909;28.199999999999488
2910;28.219999999999487
2911;28.239999999999487
2912;28.259999999999486
2913;28.279999999999486
2914;28.299999999999486
2915;28.319999999999485
2916;28.339999999999485
2917;28.359999999999484
2918;28.379999999999484
2919;28.399999999999483
2920;28.419999999999483
2921;28.439999999999483
2922;28.459999999999482
2923;28.47999999999948
2924;28.49999999999948
2925;28.51999999999948
2926;28.53999999999948
2927;28.55999999999948
2928;28.57999999999948
2929;28.59999999999948
2930;28.61999999999948
2931;28.63999999999948
2932;28.659999999999478
2933;28.679999999999477
2934;28.699999999999477
2935;28.719999999999477
2936;28.739999999999476
2937;28.759999999999476
2938;28.779999999999475
2939;28.799999999999475
2940;28.819999999999474
2941;28.839999999999474
2942;28.859999999999474
2943;28.879999999999473
2944;28.899999999999473
2945;28.919999999999472
2946;28.939999999999472
2947;28.95999999999947
2948;28.97999999999947
2949;28.99999999999947
2950;29.01999999999947
2951;29.03999999999947
2952;29.05999999999947
2953;29.07999999999947
2954;29.09999999999947
2955;29.119999999999468
2956;29.139999999999468
2957;29.159999999999467
2958;29.179999999999467
2959;29.199999999999466
2960;29.219999999999466
2961;29.239999999999466
2962;29.259999999999465
2963;29.279999999999465
2964;29.299999999999464
2965;29.319999999999464
2966;29.339999999999463
2967;29.359999999999463
2968;29.379999999999463
2969;29.399999999999462
2970;29.41999999999946
2971;29.43999999999946
2972;29.45999999999946
2973;29.47999999999946
2974;29.49999999999946
2975;29.51999999999946
2976;29.53999999999946
2977;29.55999999999946
2978;29.57999999999946
2979;29.599999999999458
2980;29.619999999999457
2981;29.639999999999457
2982;29.659999999999457
2983;29.679999999999456
2984;29.699999999999456
2985;29.719999999999455
2986;29.739999999999455
2987;29.759999999999454
2988;29.779999999999454
2989;29.799999999999454
2990;29.819999999999453
2991;29.839999999999453
2992;29.859999999999452
2993;29.879999999999452
2994;29.89999999999945
2995;29.91999999999945
2996;29.93999999999945
2997;29.95999999999945
2998;29.97999999999945
2999;29.99999999999945
3000;30.01999999999945
3001;30.03999999999945
3002;30.059999999999448
3003;30.079999999999448
3004;30.099999999999447
3005;30.119999999999447
3006;30.139999999999446
3007;30.159999999999446
3008;30.179999999999445
3009;30.199999999999445
3010;30.219999999999445
3011;30.239999999999444
3012;30.259999999999444
3013;30.279999999999443
3014;30.299999999999443
3015;30.319999999999443
3016;30.339999999999442
3017;30.35999999999944
3018;30.37999999999944
3019;30.39999999999944
3020;30.41999999999944
3021;30.43999999999944
3022;30.45999999999944
3023;30.47999999999944
3024;30.49999999999944
3025;30.51999999999944
3026;30.539999999999438
3027;30.559999999999437
3028;30.579999999999437
3029;30.599999999999437
3030;30.619999999999436
3031;30.639999999999436
3032;30.659999999999435
3033;30.679999999999435
3034;30.699999999999434
3035;30.719999999999434
3036;30.739999999999434
3037;30.759999999999433
3038;30.779999999999433
3039;30.799999999999432
3040;30.819999999999432
3041;30.83999999999943
3042;30.85999999999943
3043;30.87999999999943
3044;30.89999999999943
3045;30.91999999999943
3046;30.93999999999943
3047;30.95999999999943
3048;30.97999999999943
3049;30.999999999999428
3050;31.019999999999428
3051;31.039999999999427
3052;31.059999999999427
3053;31.079999999999426
3054;31.099999999999426
3055;31.119999999999425
3056;31.139999999999425
3057;31.159999999999425
3058;31.179999999999424
3059;31.199999999999424
3060;31.219999999999423
3061;31.239999999999423
3062;31.259999999999422
3063;31.279999999999422
3064;31.29999999999942
3065;31.31999999999942
3066;31.33999999999942
3067;31.35999999999942
3068;31.37999999999942
3069;31.39999999999942
3070;31.41999999999942
3071;31.43999999999942
3072;31.459999999999418
3073;31.479999999999418
3074;31.499999999999417
3075;31.519999999999417
3076;31.539999999999417
3077;31.559999999999416
3078;31.579999999999416
3079;31.599999999999415
3080;31.619999999999415
3081;31.639999999999414
3082;31.659999999999414
3083;31.679999999999414
3084;31.699999999999413
3085;31.719999999999413
3086;31.739999999999412
3087;31.759999999999412
3088;31.77999999999941
3089;31.79999999999941
3090;31.81999999999941
3091;31.83999999999941
3092;31.85999999999941
3093;31.87999999999941
3094;31.89999999999941
3095;31.91999999999941
3096;31.939999999999408
3097;31.959999999999408
3098;31.979999999999407
3099;31.999999999999407
3100;32.019999999999406
3101;32.03999999999941
3102;32.05999999999941
3103;32.079999999999416
3104;32.09999999999942
3105;32.11999999999942
3106;32.139999999999425
3107;32.15999999999943
3108;32.17999999999943
3109;32.199999999999434
3110;32.21999999999944
3111;32.23999999999944
3112;32.259999999999444
3113;32.27999999999945
3114;32.29999999999945
3115;32.31999999999945
3116;32.339999999999456
3117;32.35999999999946
3118;32.37999999999946
3119;32.399999999999466
3120;32.41999999999947
3121;32.43999999999947
3122;32.459999999999475
3123;32.47999999999948
3124;32.49999999999948
3125;32.519999999999484
3126;32.53999999999949
3127;32.55999999999949
3128;32.579999999999494
3129;32.5999999999995
3130;32.6199999999995
3131;32.6399999999995
3132;32.659999999999506
3133;32.67999999999951
3134;32.69999999999951
3135;32.719999999999516
3136;32.73999999999952
3137;32.75999999999952
3138;32.779999999999525
3139;32.79999999999953
3140;32.81999999999953
3141;32.839999999999534
3142;32.85999999999954
3143;32.87999999999954
3144;32.899999999999544
3145;32.91999999999955
3146;32.93999999999955
3147;32.95999999999955
3148;32.979999999999556
3149;32.99999999999956
3150;33.01999999999956
3151;33.039999999999566
3152;33.05999999999957
3153;33.07999999999957
3154;33.099999999999575
3155;33.11999999999958
3156;33.13999999999958
3157;33.159999999999584
3158;33.17999999999959
3159;33.19999999999959
3160;33.219999999999594
3161;33.2399999999996
3162;33.2599999999996
3163;33.2799999999996
3164;33.299999999999606
3165;33.31999999999961
3166;33.33999999999961
3167;33.359999999999616
3168;33.37999999999962
3169;33.39999999999962
3170;33.419999999999625
3171;33.43999999999963
3172;33.45999999999963
3173;33.479999999999634
3174;33.49999999999964
3175;33.51999999999964
3176;33.539999999999644
3177;33.55999999999965
3178;33.57999999999965
3179;33.59999999999965
3180;33.619999999999656
3181;33.63999999999966
3182;33.65999999999966
3183;33.679999999999666
3184;33.69999999999967
3185;33.71999999999967
3186;33.739999999999675
3187;33.75999999999968
3188;33.77999999999968
3189;33.799999999999685
3190;33.81999999999969
3191;33.83999999999969
3192;33.859999999999694
3193;33.8799999999997
3194;33.8999999999997
3195;33.9199999999997
3196;33.939999999999706
3197;33.95999999999971
3198;33.97999999999971
3199;33.999999999999716
3200;34.01999999999972
3201;34.03999999999972
3202;34.059999999999725
3203;34.07999999999973
3204;34.09999999999973
3205;34.119999999999735
3206;34.13999999999974
3207;34.15999999999974
3208;34.179999999999744
3209;34.19999999999975
3210;34.21999999999975
3211;34.23999999999975
3212;34.259999999999756
3213;34.27999999999976
3214;34.29999999999976
3215;34.319999999999766
3216;34.33999999999977
3217;34.35999999999977
3218;34.379999999999775
3219;34.39999999999978
3220;34.41999999999978
3221;34.439999999999785
3222;34.45999999999979
3223;34.47999999999979
3224;34.499999999999794
3225;34.5199999999998
3226;34.5399999999998
3227;34.5599999999998
3228;34.57999999999981
3229;34.59999999999981
3230;34.61999999999981
3231;34.639999999999816
3232;34.65999999999982
3233;34.67999999999982
3234;34.699999999999825
3235;34.71999999999983
3236;34.73999999999983
3237;34.759999999999835
3238;34.77999999999984
3239;34.79999999999984
3240;34.819999999999844
3241;34.83999999999985
3242;34.85999999999985
3243;34.87999999999985
3244;34.89999999999986
3245;34.91999999999986
3246;34.93999999999986
3247;34.959999999999866
3248;34.97999999999987
3249;34.99999999999987
3250;35.019999999999875
3251;35.03999999999988
3252;35.05999999999988
3253;35.079999999999885
3254;35.09999999999989
3255;35.11999999999989
3256;35.139999999999894
3257;35.1599999999999
3258;35.1799999999999
3259;35.1999999999999
3260;35.21999999999991
3261;35.23999999999991
3262;35.25999999999991
3263;35.279999999999916
3264;35.29999999999992
3265;35.31999999999992
3266;35.339999999999925
3267;35.35999999999993
3268;35.37999999999993
3269;35.399999999999935
3270;35.41999999999994
3271;35.43999999999994
3272;35.459999999999944
3273;35.47999999999995
3274;35.49999999999995
3275;35.51999999999995
3276;35.53999999999996
3277;35.55999999999996
3278;35.57999999999996
3279;35.599999999999966
3280;35.61999999999997
3281;35.63999999999997
3282;35.659999999999975
3283;35.67999999999998
3284;35.69999999999998
3285;35.719999999999985
3286;35.73999999999999
3287;35.75999999999999
3288;35.779999999999994
3289;35.8
3290;35.82
3291;35.84
3292;35.86000000000001
3293;35.88000000000001
3294;35.90000000000001
3295;35.920000000000016
3296;35.94000000000002
3297;35.96000000000002
3298;35.980000000000025
3299;36.00000000000003
3300;36.02000000000003
3301;36.040000000000035
3302;36.06000000000004
3303;36.08000000000004
3304;36.100000000000044
3305;36.12000000000005
3306;36.14000000000005
3307;36.16000000000005
3308;36.18000000000006
3309;36.20000000000006
3310;36.22000000000006
3311;36.240000000000066
3312;36.26000000000007
3313;36.28000000000007
3314;36.300000000000075
3315;36.32000000000008
3316;36.34000000000008
3317;36.360000000000085
3318;36.38000000000009
3319;36.40000000000009
3320;36.420000000000094
3321;36.4400000000001
3322;36.4600000000001
3323;36.4800000000001
3324;36.50000000000011
3325;36.52000000000011
3326;36.54000000000011
3327;36.560000000000116
3328;36.58000000000012
3329;36.60000000000012
3330;36.620000000000125
3331;36.64000000000013
3332;36.66000000000013
3333;36.680000000000135
3334;36.70000000000014
3335;36.72000000000014
3336;36.740000000000144
3337;36.76000000000015
3338;36.78000000000015
3339;36.80000000000015
3340;36.82000000000016
3341;36.84000000000016
3342;36.86000000000016
3343;36.880000000000166
3344;36.90000000000017
3345;36.92000000000017
3346;36.940000000000175
3347;36.96000000000018
3348;36.98000000000018
3349;37.000000000000185
3350;37.02000000000019
3351;37.04000000000019
3352;37.060000000000194
3353;37.0800000000002
3354;37.1000000000002
3355;37.1200000000002
3356;37.14000000000021
3357;37.16000000000021
3358;37.18000000000021
3359;37.200000000000216
3360;37.22000000000022
3361;37.24000000000022
3362;37.260000000000225
3363;37.28000000000023
3364;37.30000000000023
3365;37.320000000000235
3366;37.34000000000024
3367;37.36000000000024
3368;37.380000000000244
3369;37.40000000000025
3370;37.42000000000025
3371;37.44000000000025
3372;37.46000000000026
3373;37.48000000000026
3374;37.50000000000026
3375;37.520000000000266
3376;37.54000000000027
3377;37.56000000000027
3378;37.580000000000275
3379;37.60000000000028
3380;37.62000000000028
3381;37.640000000000285
3382;37.66000000000029
3383;37.68000000000029
3384;37.700000000000294
3385;37.7200000000003
3386;37.7400000000003
3387;37.7600000000003
3388;37.78000000000031
3389;37.80000000000031
3390;37.82000000000031
3391;37.840000000000316
3392;37.86000000000032
3393;37.88000000000032
3394;37.900000000000325
3395;37.92000000000033
3396;37.94000000000033
3397;37.960000000000335
3398;37.98000000000034
3399;38.00000000000034
3400;38.020000000000344
3401;38.04000000000035
3402;38.06000000000035
3403;38.080000000000354
3404;38.10000000000036
3405;38.12000000000036
3406;38.14000000000036
3407;38.160000000000366
3408;38.18000000000037
3409;38.20000000000037
3410;38.220000000000375
3411;38.24000000000038
3412;38.26000000000038
3413;38.280000000000385
3414;38.30000000000039
3415;38.32000000000039
3416;38.340000000000394
3417;38.3600000000004
3418;38.3800000000004
3419;38.400000000000404
3420;38.42000000000041
3421;38.44000000000041
3422;38.46000000000041
3423;38.480000000000416
3424;38.50000000000042
3425;38.52000000000042
3426;38.540000000000425
3427;38.56000000000043
3428;38.58000000000043
3429;38.600000000000435
3430;38.62000000000044
3431;38.64000000000044
3432;38.660000000000444
3433;38.68000000000045
3434;38.70000000000045
3435;38.720000000000454
3436;38.74000000000046
3437;38.76000000000046
3438;38.78000000000046
3439;38.800000000000466
3440;38.82000000000047
3441;38.84000000000047
3442;38.860000000000475
3443;38.88000000000048
3444;38.90000000000048
3445;38.920000000000485
3446;38.94000000000049
3447;38.96000000000049
3448;38.980000000000494
3449;39.0000000000005
3450;39.0200000000005
3451;39.040000000000504
3452;39.06000000000051
3453;39.08000000000051
3454;39.10000000000051
3455;39.120000000000516
3456;39.14000000000052
3457;39.16000000000052
3458;39.180000000000526
3459;39.20000000000053
3460;39.22000000000053
3461;39.240000000000535
3462;39.26000000000054
3463;39.28000000000054
3464;39.300000000000544
3465;39.32000000000055
3466;39.34000000000055
3467;39.360000000000554
3468;39.38000000000056
3469;39.40000000000056
3470;39.42000000000056
3471;39.440000000000566
3472;39.46000000000057
3473;39.48000000000057
3474;39.500000000000576
3475;39.52000000000058
3476;39.54000000000058
3477;39.560000000000585
3478;39.58000000000059
3479;39.60000000000059
3480;39.620000000000594
3481;39.6400000000006
3482;39.6600000000006
3483;39.680000000000604
3484;39.70000000000061
3485;39.72000000000061
3486;39.74000000000061
3487;39.760000000000616
3488;39.78000000000062
3489;39.80000000000062
3490;39.820000000000626
3491;39.84000000000063
3492;39.86000000000063
3493;39.880000000000635
3494;39.90000000000064
3495;39.92000000000064
3496;39.940000000000644
3497;39.96000000000065
3498;39.98000000000065
3499;40.000000000000654
3500;40.02000000000066
3501;40.04000000000066
3502;40.06000000000066
3503;40.080000000000666
3504;40.10000000000067
3505;40.12000000000067
3506;40.140000000000676
3507;40.16000000000068
3508;40.18000000000068
3509;40.200000000000685
3510;40.22000000000069
3511;40.24000000000069
3512;40.260000000000694
3513;40.2800000000007
3514;40.3000000000007
3515;40.320000000000704
3516;40.34000000000071
3517;40.36000000000071
3518;40.38000000000071
3519;40.400000000000716
3520;40.42000000000072
3521;40.44000000000072
3522;40.460000000000726
3523;40.48000000000073
3524;40.50000000000073
3525;40.520000000000735
3526;40.54000000000074
3527;40.56000000000074
3528;40.580000000000744
3529;40.60000000000075
3530;40.62000000000075
3531;40.640000000000754
3532;40.66000000000076
3533;40.68000000000076
3534;40.70000000000076
3535;40.720000000000766
3536;40.74000000000077
3537;40.76000000000077
3538;40.780000000000776
3539;40.80000000000078
3540;40.82000000000078
3541;40.840000000000785
3542;40.86000000000079
3543;40.88000000000079
3544;40.900000000000794
3545;40.9200000000008
3546;40.9400000000008
3547;40.960000000000804
3548;40.98000000000081
3549;41.00000000000081
3550;41.02000000000081
3551;41.040000000000816
3552;41.06000000000082
3553;41.08000000000082
3554;41.100000000000826
3555;41.12000000000083
3556;41.14000000000083
3557;41.160000000000835
3558;41.18000000000084
3559;41.20000000000084
3560;41.220000000000844
3561;41.24000000000085
3562;41.26000000000085
3563;41.280000000000854
3564;41.30000000000086
3565;41.32000000000086
3566;41.34000000000086
3567;41.360000000000866
3568;41.38000000000087
3569;41.40000000000087
3570;41.420000000000876
3571;41.44000000000088
3572;41.46000000000088
3573;41.480000000000885
3574;41.50000000000089
3575;41.52000000000089
3576;41.540000000000894
3577;41.5600000000009
3578;41.5800000000009
3579;41.600000000000904
3580;41.62000000000091
3581;41.64000000000091
3582;41.66000000000091
3583;41.680000000000916
3584;41.70000000000092
3585;41.72000000000092
3586;41.740000000000926
3587;41.76000000000093
3588;41.78000000000093
3589;41.800000000000935
3590;41.82000000000094
3591;41.84000000000094
3592;41.860000000000944
3593;41.88000000000095
3594;41.90000000000095
3595;41.920000000000954
3596;41.94000000000096
3597;41.96000000000096
3598;41.98000000000096
3599;42.000000000000966
3600;42.02000000000097
3601;42.04000000000097
3602;42.060000000000976
3603;42.08000000000098
3604;42.10000000000098
3605;42.120000000000985
3606;42.14000000000099
3607;42.16000000000099
3608;42.180000000000994
3609;42.200000000001
3610;42.220000000001
3611;42.240000000001004
3612;42.26000000000101
3613;42.28000000000101
3614;42.30000000000101
3615;42.320000000001016
3616;42.34000000000102
3617;42.36000000000102
3618;42.380000000001026
3619;42.40000000000103
3620;42.42000000000103
3621;42.440000000001035
3622;42.46000000000104
3623;42.48000000000104
3624;42.500000000001044
3625;42.52000000000105
3626;42.54000000000105
3627;42.560000000001054
3628;42.58000000000106
3629;42.60000000000106
3630;42.62000000000106
3631;42.640000000001066
3632;42.66000000000107
3633;42.68000000000107
3634;42.700000000001076
3635;42.72000000000108
3636;42.74000000000108
3637;42.760000000001085
3638;42.78000000000109
3639;42.80000000000109
3640;42.820000000001095
3641;42.8400000000011
3642;42.8600000000011
3643;42.880000000001104
3644;42.90000000000111
3645;42.92000000000111
3646;42.94000000000111
3647;42.960000000001116
3648;42.98000000000112
3649;43.00000000000112
3650;43.020000000001126
3651;43.04000000000113
3652;43.06000000000113
3653;43.080000000001135
3654;43.10000000000114
3655;43.12000000000114
3656;43.140000000001145
3657;43.16000000000115
3658;43.18000000000115
3659;43.200000000001154
3660;43.22000000000116
3661;43.24000000000116
3662;43.26000000000116
3663;43.280000000001166
3664;43.30000000000117
3665;43.32000000000117
3666;43.340000000001176
3667;43.36000000000118
3668;43.38000000000118
3669;43.400000000001185
3670;43.42000000000119
3671;43.44000000000119
3672;43.460000000001195
3673;43.4800000000012
3674;43.5000000000012
3675;43.520000000001204
3676;43.54000000000121
3677;43.56000000000121
3678;43.58000000000121
3679;43.60000000000122
3680;43.62000000000122
3681;43.64000000000122
3682;43.660000000001226
3683;43.68000000000123
3684;43.70000000000123
3685;43.720000000001235
3686;43.74000000000124
3687;43.76000000000124
3688;43.780000000001245
3689;43.80000000000125
3690;43.82000000000125
3691;43.840000000001254
3692;43.86000000000126
3693;43.88000000000126
3694;43.90000000000126
3695;43.92000000000127
3696;43.94000000000127
3697;43.96000000000127
3698;43.980000000001276
3699;44.00000000000128
3700;44.02000000000128
3701;44.040000000001285
3702;44.06000000000129
3703;44.08000000000129
3704;44.100000000001295
3705;44.1200000000013
3706;44.1400000000013
3707;44.160000000001304
3708;44.18000000000131
3709;44.20000000000131
3710;44.22000000000131
3711;44.24000000000132
3712;44.26000000000132
3713;44.28000000000132
3714;44.300000000001326
3715;44.32000000000133
3716;44.34000000000133
3717;44.360000000001335
3718;44.38000000000134
3719;44.40000000000134
3720;44.420000000001345
3721;44.44000000000135
3722;44.46000000000135
3723;44.480000000001354
3724;44.50000000000136
3725;44.52000000000136
3726;44.54000000000136
3727;44.56000000000137
3728;44.58000000000137
3729;44.60000000000137
3730;44.620000000001376
3731;44.64000000000138
3732;44.66000000000138
3733;44.680000000001385
3734;44.70000000000139
3735;44.72000000000139
3736;44.740000000001395
3737;44.7600000000014
3738;44.7800000000014
3739;44.800000000001404
3740;44.82000000000141
3741;44.84000000000141
3742;44.86000000000141
3743;44.88000000000142
3744;44.90000000000142
3745;44.92000000000142
3746;44.940000000001426
3747;44.96000000000143
3748;44.98000000000143
3749;45.000000000001435
3750;45.02000000000144
3751;45.04000000000144
3752;45.060000000001445
3753;45.08000000000145
3754;45.10000000000145
3755;45.120000000001454
3756;45.14000000000146
3757;45.16000000000146
3758;45.18000000000146
3759;45.20000000000147
3760;45.22000000000147
3761;45.24000000000147
3762;45.260000000001476
3763;45.28000000000148
3764;45.30000000000148
3765;45.320000000001485
3766;45.34000000000149
3767;45.36000000000149
3768;45.380000000001495
3769;45.4000000000015
3770;45.4200000000015
3771;45.440000000001504
3772;45.46000000000151
3773;45.48000000000151
3774;45.50000000000151
3775;45.52000000000152
3776;45.54000000000152
3777;45.56000000000152
3778;45.580000000001526
3779;45.60000000000153
3780;45.62000000000153
3781;45.640000000001535
3782;45.66000000000154
3783;45.68000000000154
3784;45.700000000001545
3785;45.72000000000155
3786;45.74000000000155
3787;45.760000000001554
3788;45.78000000000156
3789;45.80000000000156
3790;45.82000000000156
3791;45.84000000000157
3792;45.86000000000157
3793;45.88000000000157
3794;45.900000000001576
3795;45.92000000000158
3796;45.94000000000158
3797;45.960000000001585
3798;45.98000000000159
3799;46.00000000000159
3800;46.020000000001595
3801;46.0400000000016
3802;46.0600000000016
3803;46.080000000001604
3804;46.10000000000161
3805;46.12000000000161
3806;46.14000000000161
3807;46.16000000000162
3808;46.18000000000162
3809;46.20000000000162
3810;46.220000000001626
3811;46.24000000000163
3812;46.26000000000163
3813;46.280000000001635
3814;46.30000000000164
3815;46.32000000000164
3816;46.340000000001645
3817;46.36000000000165
3818;46.38000000000165
3819;46.400000000001654
3820;46.42000000000166
3821;46.44000000000166
3822;46.46000000000166
3823;46.48000000000167
3824;46.50000000000167
3825;46.52000000000167
3826;46.540000000001676
3827;46.56000000000168
3828;46.58000000000168
3829;46.600000000001685
3830;46.62000000000169
3831;46.64000000000169
3832;46.660000000001695
3833;46.6800000000017
3834;46.7000000000017
3835;46.720000000001704
3836;46.74000000000171
3837;46.76000000000171
3838;46.78000000000171
3839;46.80000000000172
3840;46.82000000000172
3841;46.84000000000172
3842;46.860000000001726
3843;46.88000000000173
3844;46.90000000000173
3845;46.920000000001735
3846;46.94000000000174
3847;46.96000000000174
3848;46.980000000001745
3849;47.00000000000175
3850;47.02000000000175
3851;47.040000000001754
3852;47.06000000000176
3853;47.08000000000176
3854;47.100000000001764
3855;47.12000000000177
3856;47.14000000000177
3857;47.16000000000177
3858;47.180000000001776
3859;47.20000000000178
3860;47.22000000000178
3861;47.240000000001785
3862;47.26000000000179
3863;47.28000000000179
3864;47.300000000001795
3865;47.3200000000018
3866;47.3400000000018
3867;47.360000000001804
3868;47.38000000000181
3869;47.40000000000181
3870;47.420000000001814
3871;47.44000000000182
3872;47.46000000000182
3873;47.48000000000182
3874;47.500000000001826
3875;47.52000000000183
3876;47.54000000000183
3877;47.560000000001835
3878;47.58000000000184
3879;47.60000000000184
3880;47.620000000001845
3881;47.64000000000185
3882;47.66000000000185
3883;47.680000000001854
3884;47.70000000000186
3885;47.72000000000186
3886;47.740000000001864
3887;47.76000000000187
3888;47.78000000000187
3889;47.80000000000187
3890;47.820000000001876
3891;47.84000000000188
3892;47.86000000000188
3893;47.880000000001885
3894;47.90000000000189
3895;47.92000000000189
3896;47.940000000001895
3897;47.9600000000019
3898;47.9800000000019
3899;48.000000000001904
3900;48.02000000000191
3901;48.04000000000191
3902;48.060000000001914
3903;48.08000000000192
3904;48.10000000000192
3905;48.12000000000192
3906;48.140000000001926
3907;48.16000000000193
3908;48.18000000000193
3909;48.200000000001936
3910;48.22000000000194
3911;48.24000000000194
3912;48.260000000001945
3913;48.28000000000195
3914;48.30000000000195
3915;48.320000000001954
3916;48.34000000000196
3917;48.36000000000196
3918;48.380000000001964
3919;48.40000000000197
3920;48.42000000000197
3921;48.44000000000197
3922;48.460000000001976
3923;48.48000000000198
3924;48.50000000000198
3925;48.520000000001986
3926;48.54000000000199
3927;48.56000000000199
3928;48.580000000001995
3929;48.600000000002
3930;48.620000000002
3931;48.640000000002004
3932;48.66000000000201
3933;48.68000000000201
3934;48.700000000002014
3935;48.72000000000202
3936;48.74000000000202
3937;48.76000000000202
3938;48.780000000002026
3939;48.80000000000203
3940;48.82000000000203
3941;48.840000000002036
3942;48.86000000000204
3943;48.88000000000204
3944;48.900000000002045
3945;48.92000000000205
3946;48.94000000000205
3947;48.960000000002054
3948;48.98000000000206
3949;49.00000000000206
3950;49.020000000002064
3951;49.04000000000207
3952;49.06000000000207
3953;49.08000000000207
3954;49.100000000002076
3955;49.12000000000208
3956;49.14000000000208
3957;49.160000000002086
3958;49.18000000000209
3959;49.20000000000209
3960;49.220000000002095
3961;49.2400000000021
3962;49.2600000000021
3963;49.280000000002104
3964;49.30000000000211
3965;49.32000000000211
3966;49.340000000002114
3967;49.36000000000212
3968;49.38000000000212
3969;49.40000000000212
3970;49.420000000002126
3971;49.44000000000213
3972;49.46000000000213
3973;49.480000000002136
3974;49.50000000000214
3975;49.52000000000214
3976;49.540000000002145
3977;49.56000000000215
3978;49.58000000000215
3979;49.600000000002154
3980;49.62000000000216
3981;49.64000000000216
3982;49.660000000002164
3983;49.68000000000217
3984;49.70000000000217
3985;49.72000000000217
3986;49.740000000002176
3987;49.76000000000218
3988;49.78000000000218
3989;49.800000000002186
3990;49.82000000000219
3991;49.84000000000219
3992;49.860000000002195
3993;49.8800000000022
3994;49.9000000000022
3995;49.920000000002204
3996;49.94000000000221
3997;49.96000000000221
3998;49.980000000002214
3999;50.00000000000222
4000;50.02000000000222
4001;50.04000000000222
4002;50.060000000002226
4003;50.08000000000223
4004;50.10000000000223
4005;50.120000000002236
4006;50.14000000000224
4007;50.16000000000224
4008;50.180000000002245
4009;50.20000000000225
4010;50.22000000000225
4011;50.240000000002254
4012;50.26000000000226
4013;50.28000000000226
4014;50.300000000002264
4015;50.32000000000227
4016;50.34000000000227
4017;50.36000000000227
4018;50.380000000002276
4019;50.40000000000228
4020;50.42000000000228
4021;50.440000000002286
4022;50.46000000000229
4023;50.48000000000229
4024;50.500000000002295
4025;50.5200000000023
4026;50.5400000000023
4027;50.560000000002304
4028;50.58000000000231
4029;50.60000000000231
4030;50.620000000002314
4031;50.64000000000232
4032;50.66000000000232
4033;50.68000000000232
4034;50.700000000002326
4035;50.72000000000233
4036;50.74000000000233
4037;50.760000000002336
4038;50.78000000000234
4039;50.80000000000234
4040;50.820000000002345
4041;50.84000000000235
4042;50.86000000000235
4043;50.880000000002354
4044;50.90000000000236
4045;50.92000000000236
4046;50.940000000002364
4047;50.96000000000237
4048;50.98000000000237
4049;51.00000000000237
4050;51.020000000002376
4051;51.04000000000238
4052;51.06000000000238
4053;51.080000000002386
4054;51.10000000000239
4055;51.12000000000239
4056;51.140000000002395
4057;51.1600000000024
4058;51.1800000000024
4059;51.200000000002404
4060;51.22000000000241
4061;51.24000000000241
4062;51.260000000002414
4063;51.28000000000242
4064;51.30000000000242
4065;51.32000000000242
4066;51.340000000002426
4067;51.36000000000243
4068;51.38000000000243
4069;51.400000000002436
4070;51.42000000000244
4071;51.44000000000244
4072;51.460000000002445
4073;51.48000000000245
4074;51.50000000000245
4075;51.520000000002454
4076;51.54000000000246
4077;51.56000000000246
4078;51.580000000002464
4079;51.60000000000247
4080;51.62000000000247
4081;51.64000000000247
4082;51.660000000002476
4083;51.68000000000248
4084;51.70000000000248
4085;51.720000000002486
4086;51.74000000000249
4087;51.76000000000249
4088;51.780000000002495
4089;51.8000000000025
4090;51.8200000000025
4091;51.840000000002505
4092;51.86000000000251
4093;51.88000000000251
4094;51.900000000002514
4095;51.92000000000252
4096;51.94000000000252
4097;51.96000000000252
4098;51.980000000002526
4099;52.00000000000253
4100;52.02000000000253
4101;52.040000000002536
4102;52.06000000000254
4103;52.08000000000254
4104;52.100000000002545
4105;52.12000000000255
4106;52.14000000000255
4107;52.160000000002555
4108;52.18000000000256
4109;52.20000000000256
4110;52.220000000002564
4111;52.24000000000257
4112;52.26000000000257
4113;52.28000000000257
4114;52.300000000002576
4115;52.32000000000258
4116;52.34000000000258
4117;52.360000000002586
4118;52.38000000000259
4119;52.40000000000259
4120;52.420000000002595
4121;52.4400000000026
4122;52.4600000000026
4123;52.480000000002605
4124;52.50000000000261
4125;52.52000000000261
4126;52.540000000002614
4127;52.56000000000262
4128;52.58000000000262
4129;52.60000000000262
4130;52.62000000000263
4131;52.64000000000263
4132;52.66000000000263
4133;52.680000000002636
4134;52.70000000000264
4135;52.72000000000264
4136;52.740000000002645
4137;52.76000000000265
4138;52.78000000000265
4139;52.800000000002655
4140;52.82000000000266
4141;52.84000000000266
4142;52.860000000002664
4143;52.88000000000267
4144;52.90000000000267
4145;52.92000000000267
4146;52.94000000000268
4147;52.96000000000268
4148;52.98000000000268
4149;53.000000000002686
4150;53.02000000000269
4151;53.04000000000269
4152;53.060000000002695
4153;53.0800000000027
4154;53.1000000000027
4155;53.120000000002705
4156;53.14000000000271
4157;53.16000000000271
4158;53.180000000002714
4159;53.20000000000272
4160;53.22000000000272
4161;53.24000000000272
4162;53.26000000000273
4163;53.28000000000273
4164;53.30000000000273
4165;53.320000000002736
4166;53.34000000000274
4167;53.36000000000274
4168;53.380000000002745
4169;53.40000000000275
4170;53.42000000000275
4171;53.440000000002755
4172;53.46000000000276
4173;53.48000000000276
4174;53.500000000002764
4175;53.52000000000277
4176;53.54000000000277
4177;53.56000000000277
4178;53.58000000000278
4179;53.60000000000278
4180;53.62000000000278
4181;53.640000000002786
4182;53.66000000000279
4183;53.68000000000279
4184;53.700000000002795
4185;53.7200000000028
4186;53.7400000000028
4187;53.760000000002805
4188;53.78000000000281
4189;53.80000000000281
4190;53.820000000002814
4191;53.84000000000282
4192;53.86000000000282
4193;53.88000000000282
4194;53.90000000000283
4195;53.92000000000283
4196;53.94000000000283
4197;53.960000000002836
4198;53.98000000000284
4199;54.00000000000284
4200;54.020000000002845
4201;54.04000000000285
4202;54.06000000000285
4203;54.080000000002855
4204;54.10000000000286
4205;54.12000000000286
4206;54.140000000002864
4207;54.16000000000287
4208;54.18000000000287
4209;54.20000000000287
4210;54.22000000000288
4211;54.24000000000288
4212;54.26000000000288
4213;54.280000000002886
4214;54.30000000000289
4215;54.32000000000289
4216;54.340000000002895
4217;54.3600000000029
4218;54.3800000000029
4219;54.400000000002905
4220;54.42000000000291
4221;54.44000000000291
4222;54.460000000002914
4223;54.48000000000292
4224;54.50000000000292
4225;54.52000000000292
4226;54.54000000000293
4227;54.56000000000293
4228;54.58000000000293
4229;54.600000000002936
4230;54.62000000000294
4231;54.64000000000294
4232;54.660000000002945
4233;54.68000000000295
4234;54.70000000000295
4235;54.720000000002955
4236;54.74000000000296
4237;54.76000000000296
4238;54.780000000002964
4239;54.80000000000297
4240;54.82000000000297
4241;54.84000000000297
4242;54.86000000000298
4243;54.88000000000298
4244;54.90000000000298
4245;54.920000000002986
4246;54.94000000000299
4247;54.96000000000299
4248;54.980000000002995
4249;55.000000000003
4250;55.020000000003
4251;55.040000000003005
4252;55.06000000000301
4253;55.08000000000301
4254;55.100000000003014
4255;55.12000000000302
4256;55.14000000000302
4257;55.16000000000302
4258;55.18000000000303
4259;55.20000000000303
4260;55.22000000000303
4261;55.240000000003036
4262;55.26000000000304
4263;55.28000000000304
4264;55.300000000003045
4265;55.32000000000305
4266;55.34000000000305
4267;55.360000000003055
4268;55.38000000000306
4269;55.40000000000306
4270;55.420000000003064
4271;55.44000000000307
4272;55.46000000000307
4273;55.48000000000307
4274;55.50000000000308
4275;55.52000000000308
4276;55.54000000000308
4277;55.560000000003086
4278;55.58000000000309
4279;55.60000000000309
4280;55.620000000003095
4281;55.6400000000031
4282;55.6600000000031
4283;55.680000000003105
4284;55.70000000000311
4285;55.72000000000311
4286;55.740000000003114
4287;55.76000000000312
4288;55.78000000000312
4289;55.80000000000312
4290;55.82000000000313
4291;55.84000000000313
4292;55.86000000000313
4293;55.880000000003136
4294;55.90000000000314
4295;55.92000000000314
4296;55.940000000003145
4297;55.96000000000315
4298;55.98000000000315
4299;56.000000000003155
4300;56.02000000000316
4301;56.04000000000316
4302;56.060000000003164
4303;56.08000000000317
4304;56.10000000000317
4305;56.120000000003174
4306;56.14000000000318
4307;56.16000000000318
4308;56.18000000000318
4309;56.200000000003186
4310;56.22000000000319
4311;56.24000000000319
4312;56.260000000003195
4313;56.2800000000032
4314;56.3000000000032
4315;56.320000000003205
4316;56.34000000000321
4317;56.36000000000321
4318;56.380000000003214
4319;56.40000000000322
4320;56.42000000000322
4321;56.440000000003224
4322;56.46000000000323
4323;56.48000000000323
4324;56.50000000000323
4325;56.520000000003236
4326;56.54000000000324
4327;56.56000000000324
4328;56.580000000003245
4329;56.60000000000325
4330;56.62000000000325
4331;56.640000000003255
4332;56.66000000000326
4333;56.68000000000326
4334;56.700000000003264
4335;56.72000000000327
4336;56.74000000000327
4337;56.760000000003274
4338;56.78000000000328
4339;56.80000000000328
4340;56.82000000000328
4341;56.840000000003286
4342;56.86000000000329
4343;56.88000000000329
4344;56.900000000003295
4345;56.9200000000033
4346;56.9400000000033
4347;56.960000000003305
4348;56.98000000000331
4349;57.00000000000331
4350;57.020000000003314
4351;57.04000000000332
4352;57.06000000000332
4353;57.080000000003324
4354;57.10000000000333
4355;57.12000000000333
4356;57.14000000000333
4357;57.160000000003336
4358;57.18000000000334
4359;57.20000000000334
4360;57.220000000003346
4361;57.24000000000335
4362;57.26000000000335
4363;57.280000000003355
4364;57.30000000000336
4365;57.32000000000336
4366;57.340000000003364
4367;57.36000000000337
4368;57.38000000000337
4369;57.400000000003374
4370;57.42000000000338
4371;57.44000000000338
4372;57.46000000000338
4373;57.480000000003386
4374;57.50000000000339
4375;57.52000000000339
4376;57.540000000003396
4377;57.5600000000034
4378;57.5800000000034
4379;57.600000000003405
4380;57.62000000000341
4381;57.64000000000341
4382;57.660000000003414
4383;57.68000000000342
4384;57.70000000000342
4385;57.720000000003424
4386;57.74000000000343
4387;57.76000000000343
4388;57.78000000000343
4389;57.800000000003436
4390;57.82000000000344
4391;57.84000000000344
4392;57.860000000003446
4393;57.88000000000345
4394;57.90000000000345
4395;57.920000000003455
4396;57.94000000000346
4397;57.96000000000346
4398;57.980000000003464
4399;58.00000000000347
4400;58.02000000000347
4401;58.040000000003474
4402;58.06000000000348
4403;58.08000000000348
4404;58.10000000000348
4405;58.120000000003486
4406;58.14000000000349
4407;58.16000000000349
4408;58.180000000003496
4409;58.2000000000035
4410;58.2200000000035
4411;58.240000000003505
4412;58.26000000000351
4413;58.28000000000351
4414;58.300000000003514
4415;58.32000000000352
4416;58.34000000000352
4417;58.360000000003524
4418;58.38000000000353
4419;58.40000000000353
4420;58.42000000000353
4421;58.440000000003536
4422;58.46000000000354
4423;58.48000000000354
4424;58.500000000003546
4425;58.52000000000355
4426;58.54000000000355
4427;58.560000000003555
4428;58.58000000000356
4429;58.60000000000356
4430;58.620000000003564
4431;58.64000000000357
4432;58.66000000000357
4433;58.680000000003574
4434;58.70000000000358
4435;58.72000000000358
4436;58.74000000000358
4437;58.760000000003586
4438;58.78000000000359
4439;58.80000000000359
4440;58.820000000003596
4441;58.8400000000036
4442;58.8600000000036
4443;58.880000000003605
4444;58.90000000000361
4445;58.92000000000361
4446;58.940000000003614
4447;58.96000000000362
4448;58.98000000000362
4449;59.000000000003624
4450;59.02000000000363
4451;59.04000000000363
4452;59.06000000000363
4453;59.080000000003636
4454;59.10000000000364
4455;59.12000000000364
4456;59.140000000003646
4457;59.16000000000365
4458;59.18000000000365
4459;59.200000000003655
4460;59.22000000000366
4461;59.24000000000366
4462;59.260000000003664
4463;59.28000000000367
4464;59.30000000000367
4465;59.320000000003674
4466;59.34000000000368
4467;59.36000000000368
4468;59.38000000000368
4469;59.400000000003686
4470;59.42000000000369
4471;59.44000000000369
4472;59.460000000003696
4473;59.4800000000037
4474;59.5000000000037
4475;59.520000000003705
4476;59.54000000000371
4477;59.56000000000371
4478;59.580000000003714
4479;59.60000000000372
4480;59.62000000000372
4481;59.640000000003724
4482;59.66000000000373
4483;59.68000000000373
4484;59.70000000000373
4485;59.720000000003736
4486;59.74000000000374
4487;59.76000000000374
4488;59.780000000003746
4489;59.80000000000375
4490;59.82000000000375
4491;59.840000000003755
4492;59.86000000000376
4493;59.88000000000376
4494;59.900000000003764
4495;59.92000000000377
4496;59.94000000000377
4497;59.960000000003774
4498;59.98000000000378
4499;60.00000000000378
4500;60.02000000000378
4501;60.040000000003786
4502;60.06000000000379
4503;60.08000000000379
4504;60.100000000003796
4505;60.1200000000038
4506;60.1400000000038
4507;60.160000000003805
4508;60.18000000000381
4509;60.20000000000381
4510;60.220000000003814
4511;60.24000000000382
4512;60.26000000000382
4513;60.280000000003824
4514;60.30000000000383
4515;60.32000000000383
4516;60.34000000000383
4517;60.360000000003836
4518;60.38000000000384
4519;60.40000000000384
4520;60.420000000003846
4521;60.44000000000385
4522;60.46000000000385
4523;60.480000000003855
4524;60.50000000000386
4525;60.52000000000386
4526;60.540000000003864
4527;60.56000000000387
4528;60.58000000000387
4529;60.600000000003874
4530;60.62000000000388
4531;60.64000000000388
4532;60.66000000000388
4533;60.680000000003886
4534;60.70000000000389
4535;60.72000000000389
4536;60.740000000003896
4537;60.7600000000039
4538;60.7800000000039
4539;60.800000000003905
4540;60.82000000000391
4541;60.84000000000391
4542;60.860000000003915
4543;60.88000000000392
4544;60.90000000000392
4545;60.920000000003924
4546;60.94000000000393
4547;60.96000000000393
4548;60.98000000000393
4549;61.000000000003936
4550;61.02000000000394
4551;61.04000000000394
4552;61.060000000003946
4553;61.08000000000395
4554;61.10000000000395
4555;61.120000000003955
4556;61.14000000000396
4557;61.16000000000396
4558;61.180000000003965
4559;61.20000000000397
4560;61.22000000000397
4561;61.240000000003974
4562;61.26000000000398
4563;61.28000000000398
4564;61.30000000000398
4565;61.320000000003986
4566;61.34000000000399
4567;61.36000000000399
4568;61.380000000003996
4569;61.400000000004
4570;61.420000000004
4571;61.440000000004005
4572;61.46000000000401
4573;61.48000000000401
4574;61.500000000004015
4575;61.52000000000402
4576;61.54000000000402
4577;61.560000000004024
4578;61.58000000000403
4579;61.60000000000403
4580;61.62000000000403
4581;61.64000000000404
4582;61.66000000000404
4583;61.68000000000404
4584;61.700000000004046
4585;61.72000000000405
4586;61.74000000000405
4587;61.760000000004055
4588;61.78000000000406
4589;61.80000000000406
4590;61.820000000004065
4591;61.84000000000407
4592;61.86000000000407
4593;61.880000000004074
4594;61.90000000000408
4595;61.92000000000408
4596;61.94000000000408
4597;61.96000000000409
4598;61.98000000000409
4599;62.00000000000409
4600;62.020000000004096
4601;62.0400000000041
4602;62.0600000000041
4603;62.080000000004105
4604;62.10000000000411
4605;62.12000000000411
4606;62.140000000004115
4607;62.16000000000412
4608;62.18000000000412
4609;62.200000000004124
4610;62.22000000000413
4611;62.24000000000413
4612;62.26000000000413
4613;62.28000000000414
4614;62.30000000000414
4615;62.32000000000414
4616;62.340000000004146
4617;62.36000000000415
4618;62.38000000000415
4619;62.400000000004155
4620;62.42000000000416
4621;62.44000000000416
4622;62.460000000004165
4623;62.48000000000417
4624;62.50000000000417
4625;62.520000000004174
4626;62.54000000000418
4627;62.56000000000418
4628;62.58000000000418
4629;62.60000000000419
4630;62.62000000000419
4631;62.64000000000419
4632;62.660000000004196
4633;62.6800000000042
4634;62.7000000000042
4635;62.720000000004205
4636;62.74000000000421
4637;62.76000000000421
4638;62.780000000004215
4639;62.80000000000422
4640;62.82000000000422
4641;62.840000000004224
4642;62.86000000000423
4643;62.88000000000423
4644;62.90000000000423
4645;62.92000000000424
4646;62.94000000000424
4647;62.96000000000424
4648;62.980000000004246
4649;63.00000000000425
4650;63.02000000000425
4651;63.040000000004255
4652;63.06000000000426
4653;63.08000000000426
4654;63.100000000004265
4655;63.12000000000427
4656;63.14000000000427
4657;63.160000000004274
4658;63.18000000000428
4659;63.20000000000428
4660;63.22000000000428
4661;63.24000000000429
4662;63.26000000000429
4663;63.28000000000429
4664;63.300000000004296
4665;63.3200000000043
4666;63.3400000000043
4667;63.360000000004305
4668;63.38000000000431
4669;63.40000000000431
4670;63.420000000004315
4671;63.44000000000432
4672;63.46000000000432
4673;63.480000000004324
4674;63.50000000000433
4675;63.52000000000433
4676;63.54000000000433
4677;63.56000000000434
4678;63.58000000000434
4679;63.60000000000434
4680;63.620000000004346
4681;63.64000000000435
4682;63.66000000000435
4683;63.680000000004355
4684;63.70000000000436
4685;63.72000000000436
4686;63.740000000004365
4687;63.76000000000437
4688;63.78000000000437
4689;63.800000000004374
4690;63.82000000000438
4691;63.84000000000438
4692;63.86000000000438
4693;63.88000000000439
4694;63.90000000000439
4695;63.92000000000439
4696;63.940000000004396
4697;63.9600000000044
4698;63.9800000000044
4699;64.0000000000044
4700;64.0200000000044
4701;64.0400000000044
4702;64.0600000000044
4703;64.08000000000439
4704;64.10000000000439
4705;64.12000000000438
4706;64.14000000000438
4707;64.16000000000437
4708;64.18000000000437
4709;64.20000000000437
4710;64.22000000000436
4711;64.24000000000436
4712;64.26000000000435
4713;64.28000000000435
4714;64.30000000000435
4715;64.32000000000434
4716;64.34000000000434
4717;64.36000000000433
4718;64.38000000000433
4719;64.40000000000433
4720;64.42000000000432
4721;64.44000000000432
4722;64.46000000000431
4723;64.48000000000431
4724;64.5000000000043
4725;64.5200000000043
4726;64.5400000000043
4727;64.5600000000043
4728;64.58000000000429
4729;64.60000000000429
4730;64.62000000000428
4731;64.64000000000428
4732;64.66000000000427
4733;64.68000000000427
4734;64.70000000000427
4735;64.72000000000426
4736;64.74000000000426
4737;64.76000000000425
4738;64.78000000000425
4739;64.80000000000425
4740;64.82000000000424
4741;64.84000000000424
4742;64.86000000000423
4743;64.88000000000423
4744;64.90000000000423
4745;64.92000000000422
4746;64.94000000000422
4747;64.96000000000421
4748;64.98000000000421
4749;65.0000000000042
4750;65.0200000000042
4751;65.0400000000042
4752;65.0600000000042
4753;65.08000000000419
4754;65.10000000000419
4755;65.12000000000418
4756;65.14000000000418
4757;65.16000000000417
4758;65.18000000000417
4759;65.20000000000417
4760;65.22000000000416
4761;65.24000000000416
4762;65.26000000000415
4763;65.28000000000415
4764;65.30000000000415
4765;65.32000000000414
4766;65.34000000000414
4767;65.36000000000413
4768;65.38000000000413
4769;65.40000000000413
4770;65.42000000000412
4771;65.44000000000412
4772;65.46000000000411
4773;65.48000000000411
4774;65.5000000000041
4775;65.5200000000041
4776;65.5400000000041
4777;65.5600000000041
4778;65.58000000000409
4779;65.60000000000409
4780;65.62000000000408
4781;65.64000000000408
4782;65.66000000000408
4783;65.68000000000407
4784;65.70000000000407
4785;65.72000000000406
4786;65.74000000000406
4787;65.76000000000406
4788;65.78000000000405
4789;65.80000000000405
4790;65.82000000000404
4791;65.84000000000404
4792;65.86000000000404
4793;65.88000000000403
4794;65.90000000000403
4795;65.92000000000402
4796;65.94000000000402
4797;65.96000000000402
4798;65.98000000000401
4799;66.00000000000401
4800;66.020000000004
4801;66.040000000004
4802;66.060000000004
4803;66.08000000000399
4804;66.10000000000399
4805;66.12000000000398
4806;66.14000000000398
4807;66.16000000000398
4808;66.18000000000397
4809;66.20000000000397
4810;66.22000000000396
4811;66.24000000000396
4812;66.26000000000396
4813;66.28000000000395
4814;66.30000000000395
4815;66.32000000000394
4816;66.34000000000394
4817;66.36000000000394
4818;66.38000000000393
4819;66.40000000000393
4820;66.42000000000392
4821;66.44000000000392
4822;66.46000000000392
4823;66.48000000000391
4824;66.50000000000391
4825;66.5200000000039
4826;66.5400000000039
4827;66.5600000000039
4828;66.58000000000389
4829;66.60000000000389
4830;66.62000000000388
4831;66.64000000000388
4832;66.66000000000388
4833;66.68000000000387
4834;66.70000000000387
4835;66.72000000000386
4836;66.74000000000386
4837;66.76000000000386
4838;66.78000000000385
4839;66.80000000000385
4840;66.82000000000384
4841;66.84000000000384
4842;66.86000000000384
4843;66.88000000000383
4844;66.90000000000383
4845;66.92000000000382
4846;66.94000000000382
4847;66.96000000000382
4848;66.98000000000381
4849;67.00000000000381
4850;67.0200000000038
4851;67.0400000000038
4852;67.0600000000038
4853;67.08000000000379
4854;67.10000000000379
4855;67.12000000000378
4856;67.14000000000378
4857;67.16000000000378
4858;67.18000000000377
4859;67.20000000000377
4860;67.22000000000376
4861;67.24000000000376
4862;67.26000000000376
4863;67.28000000000375
4864;67.30000000000375
4865;67.32000000000374
4866;67.34000000000374
4867;67.36000000000374
4868;67.38000000000373
4869;67.40000000000373
4870;67.42000000000372
4871;67.44000000000372
4872;67.46000000000372
4873;67.48000000000371
4874;67.50000000000371
4875;67.5200000000037
4876;67.5400000000037
4877;67.5600000000037
4878;67.5800000000037
4879;67.60000000000369
4880;67.62000000000369
4881;67.64000000000368
4882;67.66000000000368
4883;67.68000000000367
4884;67.70000000000367
4885;67.72000000000367
4886;67.74000000000366
4887;67.76000000000366
4888;67.78000000000365
4889;67.80000000000365
4890;67.82000000000365
4891;67.84000000000364
4892;67.86000000000364
4893;67.88000000000363
4894;67.90000000000363
4895;67.92000000000363
4896;67.94000000000362
4897;67.96000000000362
4898;67.98000000000361
4899;68.00000000000361
4900;68.0200000000036
4901;68.0400000000036
4902;68.0600000000036
4903;68.0800000000036
4904;68.10000000000359
4905;68.12000000000359
4906;68.14000000000358
4907;68.16000000000358
4908;68.18000000000357
4909;68.20000000000357
4910;68.22000000000357
4911;68.24000000000356
4912;68.26000000000356
4913;68.28000000000355
4914;68.30000000000355
4915;68.32000000000355
4916;68.34000000000354
4917;68.36000000000354
4918;68.38000000000353
4919;68.40000000000353
4920;68.42000000000353
4921;68.44000000000352
4922;68.46000000000352
4923;68.48000000000351
4924;68.50000000000351
4925;68.5200000000035
4926;68.5400000000035
4927;68.5600000000035
4928;68.5800000000035
4929;68.60000000000349
4930;68.62000000000349
4931;68.64000000000348
4932;68.66000000000348
4933;68.68000000000347
4934;68.70000000000347
4935;68.72000000000347
4936;68.74000000000346
4937;68.76000000000346
4938;68.78000000000345
4939;68.80000000000345
4940;68.82000000000345
4941;68.84000000000344
4942;68.86000000000344
4943;68.88000000000343
4944;68.90000000000343
4945;68.92000000000343
4946;68.94000000000342
4947;68.96000000000342
4948;68.98000000000341
4949;69.00000000000341
4950;69.0200000000034
4951;69.0400000000034
4952;69.0600000000034
4953;69.0800000000034
4954;69.10000000000339
4955;69.12000000000339
4956;69.14000000000338
4957;69.16000000000338
4958;69.18000000000337
4959;69.20000000000337
4960;69.22000000000337
4961;69.24000000000336
4962;69.26000000000336
4963;69.28000000000335
4964;69.30000000000335
4965;69.32000000000335
4966;69.34000000000334
4967;69.36000000000334
4968;69.38000000000334
4969;69.40000000000333
4970;69.42000000000333
4971;69.44000000000332
4972;69.46000000000332
4973;69.48000000000332
4974;69.50000000000331
4975;69.52000000000331
4976;69.5400000000033
4977;69.5600000000033
4978;69.5800000000033
4979;69.60000000000329
4980;69.62000000000329
4981;69.64000000000328
4982;69.66000000000328
4983;69.68000000000328
4984;69.70000000000327
4985;69.72000000000327
4986;69.74000000000326
4987;69.76000000000326
4988;69.78000000000326
4989;69.80000000000325
4990;69.82000000000325
4991;69.84000000000324
4992;69.86000000000324
4993;69.88000000000324
4994;69.90000000000323
4995;69.92000000000323
4996;69.94000000000322
4997;69.96000000000322
4998;69.98000000000322
4999;70.00000000000321
5000;70.02000000000321
5001;70.0400000000032
5002;70.0600000000032
5003;70.0800000000032
5004;70.10000000000319
5005;70.12000000000319
5006;70.14000000000318
5007;70.16000000000318
5008;70.18000000000318
5009;70.20000000000317
5010;70.22000000000317
5011;70.24000000000316
5012;70.26000000000316
5013;70.28000000000316
5014;70.30000000000315
5015;70.32000000000315
5016;70.34000000000314
5017;70.36000000000314
5018;70.38000000000314
5019;70.40000000000313
5020;70.42000000000313
5021;70.44000000000312
5022;70.46000000000312
5023;70.48000000000312
5024;70.50000000000311
5025;70.52000000000311
5026;70.5400000000031
5027;70.5600000000031
5028;70.5800000000031
5029;70.60000000000309
5030;70.62000000000309
5031;70.64000000000308
5032;70.66000000000308
5033;70.68000000000308
5034;70.70000000000307
5035;70.72000000000307
5036;70.74000000000306
5037;70.76000000000306
5038;70.78000000000306
5039;70.80000000000305
5040;70.82000000000305
5041;70.84000000000304
5042;70.86000000000304
5043;70.88000000000304
5044;70.90000000000303
5045;70.92000000000303
5046;70.94000000000302
5047;70.96000000000302
5048;70.98000000000302
5049;71.00000000000301
5050;71.02000000000301
5051;71.040000000003
5052;71.060000000003
5053;71.080000000003
5054;71.10000000000299
5055;71.12000000000299
5056;71.14000000000298
5057;71.16000000000298
5058;71.18000000000298
5059;71.20000000000297
5060;71.22000000000297
5061;71.24000000000296
5062;71.26000000000296
5063;71.28000000000296
5064;71.30000000000295
5065;71.32000000000295
5066;71.34000000000295
5067;71.36000000000294
5068;71.38000000000294
5069;71.40000000000293
5070;71.42000000000293
5071;71.44000000000293
5072;71.46000000000292
5073;71.48000000000292
5074;71.50000000000291
5075;71.52000000000291
5076;71.5400000000029
5077;71.5600000000029
5078;71.5800000000029
5079;71.6000000000029
5080;71.62000000000289
5081;71.64000000000289
5082;71.66000000000288
5083;71.68000000000288
5084;71.70000000000287
5085;71.72000000000287
5086;71.74000000000287
5087;71.76000000000286
5088;71.78000000000286
5089;71.80000000000285
5090;71.82000000000285
5091;71.84000000000285
5092;71.86000000000284
5093;71.88000000000284
5094;71.90000000000283
5095;71.92000000000283
5096;71.94000000000283
5097;71.96000000000282
5098;71.98000000000282
5099;72.00000000000281
5100;72.02000000000281
5101;72.0400000000028
5102;72.0600000000028
5103;72.0800000000028
5104;72.1000000000028
5105;72.12000000000279
5106;72.14000000000279
5107;72.16000000000278
5108;72.18000000000278
5109;72.20000000000277
5110;72.22000000000277
5111;72.24000000000277
5112;72.26000000000276
5113;72.28000000000276
5114;72.30000000000275
5115;72.32000000000275
5116;72.34000000000275
5117;72.36000000000274
5118;72.38000000000274
5119;72.40000000000273
5120;72.42000000000273
5121;72.44000000000273
5122;72.46000000000272
5123;72.48000000000272
5124;72.50000000000271
5125;72.52000000000271
5126;72.5400000000027
5127;72.5600000000027
5128;72.5800000000027
5129;72.6000000000027
5130;72.62000000000269
5131;72.64000000000269
5132;72.66000000000268
5133;72.68000000000268
5134;72.70000000000267
5135;72.72000000000267
5136;72.74000000000267
5137;72.76000000000266
5138;72.78000000000266
5139;72.80000000000265
5140;72.82000000000265
5141;72.84000000000265
5142;72.86000000000264
5143;72.88000000000264
5144;72.90000000000263
5145;72.92000000000263
5146;72.94000000000263
5147;72.96000000000262
5148;72.98000000000262
5149;73.00000000000261
5150;73.02000000000261
5151;73.0400000000026
5152;73.0600000000026
5153;73.0800000000026
5154;73.1000000000026
5155;73.12000000000259
5156;73.14000000000259
5157;73.16000000000258
5158;73.18000000000258
5159;73.20000000000258
5160;73.22000000000257
5161;73.24000000000257
5162;73.26000000000256
5163;73.28000000000256
5164;73.30000000000256
5165;73.32000000000255
5166;73.34000000000255
5167;73.36000000000254
5168;73.38000000000254
5169;73.40000000000254
5170;73.42000000000253
5171;73.44000000000253
5172;73.46000000000252
5173;73.48000000000252
5174;73.50000000000252
5175;73.52000000000251
5176;73.54000000000251
5177;73.5600000000025
5178;73.5800000000025
5179;73.6000000000025
5180;73.62000000000249
5181;73.64000000000249
5182;73.66000000000248
5183;73.68000000000248
5184;73.70000000000248
5185;73.72000000000247
5186;73.74000000000247
5187;73.76000000000246
5188;73.78000000000246
5189;73.80000000000246
5190;73.82000000000245
5191;73.84000000000245
5192;73.86000000000244
5193;73.88000000000244
5194;73.90000000000244
5195;73.92000000000243
5196;73.94000000000243
5197;73.96000000000242
5198;73.98000000000242
5199;74.00000000000242
5200;74.02000000000241
5201;74.04000000000241
5202;74.0600000000024
5203;74.0800000000024
5204;74.1000000000024
5205;74.12000000000239
5206;74.14000000000239
5207;74.16000000000238
5208;74.18000000000238
5209;74.20000000000238
5210;74.22000000000237
5211;74.24000000000237
5212;74.26000000000236
5213;74.28000000000236
5214;74.30000000000236
5215;74.32000000000235
5216;74.34000000000235
5217;74.36000000000234
5218;74.38000000000234
5219;74.40000000000234
5220;74.42000000000233
5221;74.44000000000233
5222;74.46000000000232
5223;74.48000000000232
5224;74.50000000000232
5225;74.52000000000231
5226;74.54000000000231
5227;74.5600000000023
5228;74.5800000000023
5229;74.6000000000023
5230;74.62000000000229
5231;74.64000000000229
5232;74.66000000000228
5233;74.68000000000228
5234;74.70000000000228
5235;74.72000000000227
5236;74.74000000000227
5237;74.76000000000226
5238;74.78000000000226
5239;74.80000000000226
5240;74.82000000000225
5241;74.84000000000225
5242;74.86000000000224
5243;74.88000000000224
5244;74.90000000000224
5245;74.92000000000223
5246;74.94000000000223
5247;74.96000000000222
5248;74.98000000000222
5249;75.00000000000222
5250;75.02000000000221
5251;75.04000000000221
5252;75.0600000000022
5253;75.0800000000022
5254;75.1000000000022
5255;75.1200000000022
5256;75.14000000000219
5257;75.16000000000219
5258;75.18000000000218
5259;75.20000000000218
5260;75.22000000000217
5261;75.24000000000217
5262;75.26000000000217
5263;75.28000000000216
5264;75.30000000000216
5265;75.32000000000215
5266;75.34000000000215
5267;75.36000000000215
5268;75.38000000000214
5269;75.40000000000214
5270;75.42000000000213
5271;75.44000000000213
5272;75.46000000000213
5273;75.48000000000212
5274;75.50000000000212
5275;75.52000000000211
5276;75.54000000000211
5277;75.5600000000021
5278;75.5800000000021
5279;75.6000000000021
5280;75.6200000000021
5281;75.64000000000209
5282;75.66000000000209
5283;75.68000000000208
5284;75.70000000000208
5285;75.72000000000207
5286;75.74000000000207
5287;75.76000000000207
5288;75.78000000000206
5289;75.80000000000206
5290;75.82000000000205
5291;75.84000000000205
5292;75.86000000000205
5293;75.88000000000204
5294;75.90000000000204
5295;75.92000000000203
5296;75.94000000000203
5297;75.96000000000203
5298;75.98000000000202
5299;76.00000000000202
5300;76.02000000000201
5301;76.04000000000201
5302;76.060000000002
5303;76.080000000002
5304;76.100000000002
5305;76.120000000002
5306;76.14000000000199
5307;76.16000000000199
5308;76.18000000000198
5309;76.20000000000198
5310;76.22000000000197
5311;76.24000000000197
5312;76.26000000000197
5313;76.28000000000196
5314;76.30000000000196
5315;76.32000000000195
5316;76.34000000000195
5317;76.36000000000195
5318;76.38000000000194
5319;76.40000000000194
5320;76.42000000000193
5321;76.44000000000193
5322;76.46000000000193
5323;76.48000000000192
5324;76.50000000000192
5325;76.52000000000191
5326;76.54000000000191
5327;76.5600000000019
5328;76.5800000000019
5329;76.6000000000019
5330;76.6200000000019
5331;76.64000000000189
5332;76.66000000000189
5333;76.68000000000188
5334;76.70000000000188
5335;76.72000000000187
5336;76.74000000000187
5337;76.76000000000187
5338;76.78000000000186
5339;76.80000000000186
5340;76.82000000000185
5341;76.84000000000185
5342;76.86000000000185
5343;76.88000000000184
5344;76.90000000000184
5345;76.92000000000183
5346;76.94000000000183
5347;76.96000000000183
5348;76.98000000000182
5349;77.00000000000182
5350;77.02000000000182
5351;77.04000000000181
5352;77.0600000000018
5353;77.0800000000018
5354;77.1000000000018
5355;77.1200000000018
5356;77.14000000000179
5357;77.16000000000179
5358;77.18000000000178
5359;77.20000000000178
5360;77.22000000000178
5361;77.24000000000177
5362;77.26000000000177
5363;77.28000000000176
5364;77.30000000000176
5365;77.32000000000176
5366;77.34000000000175
5367;77.36000000000175
5368;77.38000000000174
5369;77.40000000000174
5370;77.42000000000174
5371;77.44000000000173
5372;77.46000000000173
5373;77.48000000000172
5374;77.50000000000172
5375;77.52000000000172
5376;77.54000000000171
5377;77.56000000000171
5378;77.5800000000017
5379;77.6000000000017
5380;77.6200000000017
5381;77.64000000000169
5382;77.66000000000169
5383;77.68000000000168
5384;77.70000000000168
5385;77.72000000000168
5386;77.74000000000167
5387;77.76000000000167
5388;77.78000000000166
5389;77.80000000000166
5390;77.82000000000166
5391;77.84000000000165
5392;77.86000000000165
5393;77.88000000000164
5394;77.90000000000164
5395;77.92000000000164
5396;77.94000000000163
5397;77.96000000000163
5398;77.98000000000162
5399;78.00000000000162
